Student_ID,Age,Gender,Department,Year_of_Study,Residence_Type,Parent_Education,Internet_Access,Part_Time_Job,Study_Hours_Per_Day,Sleep_Hours_Per_Day,Social_Media_Hours_Per_Day,Attendance_Percentage,Assignment_Delay_Days,Internal_Marks_50,Previous_GPA_10,Monthly_Family_Income_INR,Stress_Level_10,Placement_Interest,Final_Exam_Score_100,Result,Admission_Date
STU-01046,22,Female,Mechanical,1,With Family,School,Yes,No,2.73,7.81,0.96,100.00,1.00,39.47,8.72,"?37,752.95",1.48,Higher Studies,100,Pass,2024-06-12
STU-01198,20,Female,Computer Science,2,Rented Accommodation,School,Yes,No,1.41,5.03,0.53,78.35,2.00,40.46,7.94,,3.99,Private Job,100,Pass,2026-03-09
STU-00203,21,Male,Electronics,1,Rented Accommodation,Graduate,Yes,No,5.90,7.43,0.60,86.26,1.00,43.43,7.57,"?40,821.73",2.97,Government Job,100,Pass,2026-05-21
STU-00822,17,Female,Computer Science,4,With Family,Graduate,Yes,No,0.84,6.40,2.59,57.31,1.00,26.15,6.63,"?37,808.23",3.44,Higher Studies,69.6,Pass,2024-12-02
STU-00638,23,Male,Civil,3,Hostel,School,Yes,No,2.28,7.89,2.65,79.46,0.00,40.66,6.43,"?17,638.59",4.32,Undecided,89.05,Pass,2025-03-06
STU-01084,22,Male,Arts,3,With Family,School,Yes,No,2.26,8.26,5.97,83.87,1.00,48.71,8.20,"?63,431.02",3.42,Government Job,100,Pass,2024-10-28
STU-01028,23,Female,Computer Science,3,With Family,School,Yes,No,1.62,6.01,0.05,77.94,0.00,40.03,7.84,"?42,349.57",2.22,Undecided,100,Pass,2025-03-26
STU-00870,19,Female,Mechanical,4,With Family,Graduate,Yes,No,0.93,7.35,1.31,88.76,0.00,46.08,7.75,"?63,134.72",2.06,Government Job,100,Pass,2024-08-29
STU-01170,21,Female,Mechanical,2,With Family,Graduate,No,No,8.70,7.83,2.17,98.86,0.00,50.00,7.89,"?77,601.70",1.00,Higher Studies,100,Pass,2024-04-01
STU-00614,25,Female,Civil,1,Rented Accommodation,Postgraduate,No,No,1.97,6.33,,73.90,1.00,37.24,7.36,"?11,695.85",3.78,Undecided,93.58,Pass,2024-08-22
STU-00418,22,Male,Computer Science,2,With Family,School,Yes,No,3.80,5.00,0.11,78.13,2.00,50.00,7.99,"?44,020.92",2.86,Private Job,100,Pass,2026-01-25
STU-00012,22,Female,Business Administration,2,Rented Accommodation,School,Yes,No,2.83,7.60,2.90,66.18,6.00,38.05,5.97,"?63,497.12",5.69,Higher Studies,81.3,Pass,2024-03-28
STU-00537,20,Male,Business Administration,1,Rented Accommodation,School,Yes,No,6.47,5.24,2.71,,3.00,50.00,7.78,"?33,922.55",5.58,Government Job,100,Pass,2024-01-12
STU-00202,21,Male,Business Administration,1,Hostel,Graduate,Yes,No,3.27,7.72,3.50,68.70,2.00,42.98,7.71,"?2,17,483.22",4.54,Private Job,99.5,Pass,2026-06-15
STU-00795,23,Female,Computer Science,2,Hostel,Graduate,Yes,No,4.69,6.68,5.86,81.44,0.00,44.28,6.97,"?22,318.74",4.82,Private Job,98.81,Pass,2025-09-13
STU-00377,20,Female,Mechanical,1,Hostel,Graduate,,No,1.77,6.85,1.67,64.57,0.00,31.74,6.63,"?37,858.71",3.73,Higher Studies,86.03,Pass,2023-08-20
STU-01131,19,Male,Business Administration,3,With Family,School,Yes,No,2.48,6.65,1.38,67.33,0.00,,5.68,"?33,437.64",3.90,Private Job,97.2,Pass,2025-04-18
STU-00769,20,Female,Computer Science,2,Hostel,Graduate,Yes,No,,5.12,0.64,84.14,1.00,49.56,8.14,"?17,131.58",3.11,Higher Studies,100,Pass,2024-05-05
STU-00975,23,Male,Arts,4,Rented Accommodation,School,Yes,No,5.68,8.29,2.26,84.05,0.00,49.20,8.15,"?21,383.33",1.58,Higher Studies,100,Pass,2023-10-14
STU-00318,21,Male,Civil,4,Rented Accommodation,Graduate,Yes,Yes,4.60,8.53,2.61,74.10,4.00,41.86,7.10,"?82,360.70",2.33,Private Job,99.03,Pass,2023-05-13
STU-00322,20,Male,Arts,1,With Family,Graduate,Yes,No,1.28,9.81,0.45,92.39,4.00,20.48,8.36,"?20,983.29",4.99,Higher Studies,82.51,Pass,2022-09-27
STU-00101,17,Male,Science,4,Hostel,School,Yes,No,4.87,6.28,2.15,87.55,10.00,42.33,10.00,"?1,10,634.48",9.86,Entrepreneurship,100,Pass,2025-01-03
STU-00147,24,Female,Mechanical,2,With Family,Postgraduate,Yes,No,0.47,5.90,3.30,67.63,2.00,42.35,6.13,"?51,717.72",3.32,Government Job,75.42,Pass,2025-12-17
STU-00699,20,Male,Computer Science,1,Rented Accommodation,Graduate,Yes,No,4.01,6.17,0.83,85.43,1.00,49.74,8.11,"?1,20,394.23",4.26,Private Job,100,Pass,2023-10-20
STU-00170,23,Male,Civil,2,With Family,School,No,No,6.16,7.13,1.85,87.07,1.00,49.70,8.85,"?1,67,998.42",2.55,Private Job,100,Pass,2024-06-06
STU-00298,,Male,Computer Science,3,Hostel,School,Yes,No,2.99,4.47,2.43,86.11,5.00,50.00,6.93,"?47,136.23",7.53,Private Job,100,Pass,2022-08-20
STU-00662,18,Female,Electronics,3,With Family,School,Yes,No,2.75,6.22,1.04,66.82,3.00,50.00,6.74,"?38,460.68",4.35,Higher Studies,95.84,Pass,2026-02-26
STU-01152,22,Female,Civil,2,Hostel,School,Yes,No,8.76,4.23,2.16,92.95,2.00,50.00,10.00,"?55,774.52",4.45,Entrepreneurship,100,Pass,2025-07-14
STU-00592,23,Male,,2,Hostel,School,Yes,Yes,0.99,4.40,5.04,,3.00,34.66,5.54,"?70,262.77",7.71,Government Job,80.19,Pass,2024-09-18
STU-00043,19,Female,Computer Science,2,Hostel,School,Yes,No,1.81,8.21,4.01,60.34,1.00,31.58,6.05,"?46,743.50",2.06,Private Job,64.81,Pass,2025-04-04
STU-00887,21,Female,Electronics,4,Hostel,Graduate,Yes,No,2.31,7.15,1.19,97.41,2.00,50.00,7.80,"?76,866.54",3.59,Entrepreneurship,100,Pass,2022-09-26
STU-00352,23,Female,Computer Science,1,With Family,School,Yes,Yes,2.03,6.83,0.59,74.17,2.00,33.65,7.98,"?72,662.34",5.08,Entrepreneurship,100,Pass,2023-01-12
STU-00066,23,Other,Electronics,3,With Family,School,Yes,Yes,1.88,9.54,0.40,80.02,1.00,37.69,4.96,"?67,674.14",3.39,Higher Studies,91.15,Pass,2026-05-23
STU-00189,17,Female,Mechanical,3,Rented Accommodation,Graduate,Yes,Yes,4.87,7.05,0.27,85.04,0.00,50.00,9.24,"?33,550.27",1.48,Private Job,100,Pass,2024-01-22
STU-01172,18,Male,Electronics,4,Rented Accommodation,School,Yes,No,4.18,7.49,,92.43,9.00,50.00,7.95,"?1,35,686.89",9.32,Entrepreneurship,100,Pass,2023-07-30
STU-00859,18,Male,Science,4,Rented Accommodation,Postgraduate,Yes,Yes,3.23,5.62,12.80,63.31,5.00,37.08,6.18,"?1,10,114.93",9.69,Higher Studies,76.95,Pass,2024-06-02
STU-00920,22,Male,Computer Science,1,With Family,School,Yes,No,0.89,4.99,5.84,73.13,1.00,38.55,6.50,"?1,07,389.20",6.77,Private Job,78.1,Pass,2022-10-24
STU-00789,18,Female,Business Administration,4,With Family,No Formal Education,Yes,No,1.22,6.31,1.53,54.41,2.00,37.77,5.47,"?2,50,008.89",2.96,Higher Studies,78.9,Pass,2023-10-12
STU-00601,22,Male,Arts,3,Hostel,Graduate,Yes,No,,6.75,4.67,88.00,0.00,49.78,8.52,"?20,100.72",1.03,Government Job,100,Pass,2025-07-27
STU-00206,22,Female,Electronics,2,With Family,,Yes,No,,5.62,0.05,100.00,0.00,50.00,,"?82,353.29",,Higher Studies,100,Pass,2024-08-01
STU-00122,20,Female,Arts,4,With Family,Graduate,Yes,Yes,1.89,7.97,0.41,63.17,6.00,23.65,6.54,"?43,110.30",4.13,Private Job,85.66,Pass,2023-02-13
STU-00729,21,Male,Computer Science,4,Rented Accommodation,Graduate,No,No,,8.83,2.17,96.01,1.00,50.00,8.88,"?22,811.88",3.29,Higher Studies,100,Pass,2024-10-19
STU-00580,20,Male,Business Administration,3,With Family,Graduate,Yes,No,,7.13,0.51,73.15,1.00,,7.56,"?52,023.36",2.39,Government Job,100,Pass,2023-11-01
STU-00128,24,Male,Electronics,2,With Family,School,Yes,No,1.96,6.43,2.55,68.78,0.00,36.70,5.72,"?12,697.19",3.17,Higher Studies,90.38,Pass,2022-07-25
STU-00505,18,Female,Civil,2,With Family,Graduate,Yes,Yes,3.16,6.18,0.57,82.79,3.00,46.69,8.60,"?50,786.07",3.90,Government Job,100,Pass,2024-07-30
STU-00184,19,Female,Civil,2,,No Formal Education,Yes,No,1.57,6.73,0.15,72.13,2.00,46.56,8.85,"?41,273.63",6.00,Higher Studies,92.99,Pass,2024-08-16
STU-01161,18,Male,Mechanical,3,Rented Accommodation,,Yes,No,4.77,7.12,1.05,76.23,1.00,50.00,8.35,"?88,309.30",1.83,Private Job,100,Pass,2022-08-22
STU-00004,23,Female,Arts,2,Rented Accommodation,No Formal Education,Yes,No,3.26,6.45,1.56,83.11,1.00,49.60,7.93,"?13,431.34",1.56,Higher Studies,100,Pass,2023-03-13
STU-00879,22,Male,Computer Science,4,With Family,School,Yes,Yes,4.89,6.96,3.49,74.45,0.00,43.37,7.85,"?98,830.66",1.77,Private Job,100,Pass,2026-02-03
STU-00257,22,Male,Business Administration,4,With Family,School,Yes,Yes,2.23,5.15,3.15,63.11,1.00,38.51,5.51,"?39,190.62",4.08,Private Job,81.25,Pass,2024-11-12
STU-01181,19,Male,Computer Science,2,With Family,Graduate,Yes,Yes,5.86,5.48,0.90,83.32,0.00,46.56,7.76,"?22,344.28",1.73,Private Job,100,Pass,2022-09-12
STU-00576,18,Male,Electronics,2,With Family,Graduate,,No,4.46,5.48,,67.31,0.00,50.00,7.78,"?88,465.33",5.47,Private Job,100,Pass,2025-06-28
STU-00104,20,Male,Electronics,4,Hostel,Graduate,Yes,No,1.84,7.09,0.54,82.30,1.00,47.50,7.13,,2.86,Private Job,99.84,Pass,2023-06-18
STU-00135,20,Female,Computer Science,4,Hostel,Graduate,Yes,Yes,1.87,8.06,0.58,73.43,0.00,46.15,7.14,"?20,268.01",1.33,Private Job,92.3,Pass,2024-06-12
STU-00324,19,Male,Business Administration,1,With Family,School,Yes,No,,5.30,3.35,76.60,3.00,48.64,8.12,"?36,598.71",6.71,Entrepreneurship,100,Pass,2023-06-09
STU-00045,22,Male,Civil,3,Hostel,School,Yes,No,2.81,5.00,2.48,66.87,1.00,50.00,6.24,"?68,705.81",3.89,Private Job,93.32,Pass,2023-11-05
STU-00385,21,Male,Business Administration,4,With Family,Graduate,Yes,No,,5.61,1.76,86.82,0.00,38.85,8.21,"?1,46,790.91",3.48,Government Job,100,Pass,2023-07-26
STU-00403,21,Male,Civil,1,Rented Accommodation,Graduate,Yes,No,1.67,6.45,0.41,66.15,8.00,28.89,6.59,"?38,258.65",8.31,Higher Studies,63.92,Pass,2025-03-21
STU-00256,18,Male,Business Administration,3,Rented Accommodation,Graduate,Yes,No,3.46,6.54,3.99,80.70,2.00,,7.47,"?80,915.15",6.76,Private Job,96.48,Pass,2024-11-22
STU-00086,18,Female,Science,3,,Graduate,Yes,No,1.34,7.38,0.97,84.37,2.00,32.18,6.86,"?62,243.50",3.07,Higher Studies,91.31,Pass,2024-08-23
STU-00501,25,Male,Business Administration,3,Hostel,Graduate,Yes,No,5.54,6.42,4.06,85.86,0.00,44.23,,"?1,19,552.00",3.00,,100,Pass,2024-05-01
STU-00041,21,Female,Civil,2,Hostel,Graduate,Yes,Yes,9.67,5.27,0.06,90.97,1.00,47.39,10.00,"?48,689.89",3.49,Government Job,100,Pass,2025-02-20
STU-00057,20,Female,Arts,4,Hostel,Graduate,Yes,No,2.10,7.44,0.14,69.97,1.00,30.84,7.36,"?98,198.95",2.57,Entrepreneurship,93.79,Pass,2026-05-25
STU-00148,22,Male,Computer Science,1,Hostel,Graduate,Yes,No,2.03,,0.78,85.00,2.00,37.39,6.26,"?48,308.16",2.81,Private Job,86.68,Pass,2025-06-16
STU-01008,20,Female,Computer Science,3,With Family,Postgraduate,Yes,No,7.83,6.69,3.45,80.09,1.00,50.00,7.87,,3.76,Private Job,100,Pass,2023-12-12
STU-00684,21,Male,Electronics,3,With Family,,Yes,No,3.27,5.99,1.99,65.16,3.00,37.61,6.54,"?21,325.25",6.20,Higher Studies,85.15,Pass,2022-10-30
STU-00719,21,Female,Electronics,4,Rented Accommodation,School,Yes,No,4.19,6.39,1.81,62.09,1.00,48.05,7.31,"?94,572.51",2.57,Government Job,90.87,Pass,2023-08-01
STU-00087,19,Female,Civil,4,Hostel,School,Yes,No,3.84,6.20,4.69,74.24,1.00,50.00,9.07,"?9,966.69",5.34,Undecided,100,Pass,2023-06-18
STU-01023,23,Male,Computer Science,1,With Family,School,Yes,No,1.44,6.29,,71.12,5.00,29.55,8.17,"?1,04,343.51",5.01,Private Job,81.11,Pass,2024-01-04
STU-00551,20,Male,Computer Science,3,Hostel,School,Yes,No,3.55,7.37,1.75,86.13,1.00,45.71,8.10,"?32,670.42",3.89,Government Job,100,Pass,2023-04-14
STU-01103,19,Female,Science,4,With Family,Graduate,Yes,No,1.87,7.43,2.01,83.59,0.00,34.31,7.33,"?1,07,006.55",1.10,Higher Studies,77.91,Pass,2023-08-14
STU-00605,20,Male,Science,4,Hostel,Postgraduate,Yes,No,1.23,5.70,0.34,65.29,1.00,46.09,8.61,"?11,374.70",1.35,Private Job,100,Pass,2025-02-14
STU-00889,23,Female,Mechanical,2,Hostel,Graduate,Yes,No,7.02,5.69,0.26,79.70,1.00,,8.00,"?40,138.32",,Government Job,100,Pass,2025-10-01
STU-00819,35,Male,Electronics,3,Hostel,School,Yes,No,2.45,7.24,0.54,88.99,1.00,50.00,8.71,"?71,401.21",1.00,Higher Studies,100,Pass,2025-11-19
STU-00534,22,Male,Civil,4,With Family,School,Yes,Yes,2.79,5.65,0.59,63.25,3.00,47.30,7.66,"?1,06,113.85",2.74,Private Job,88.17,Pass,2026-04-04
STU-00519,23,Male,Computer Science,3,Hostel,Graduate,Yes,No,1.79,8.01,0.65,81.01,2.00,50.00,7.22,"?1,02,875.98",3.02,,100,Pass,2024-10-18
STU-00943,19,Male,Mechanical,3,Hostel,Graduate,Yes,No,,4.02,4.01,86.64,8.00,,7.50,"?1,07,799.22",8.81,Entrepreneurship,83.16,Pass,2024-11-19
STU-01052,21,Male,Arts,2,With Family,No Formal Education,Yes,Yes,2.12,6.96,0.54,65.23,0.00,45.70,6.67,"?53,944.52",1.33,Higher Studies,100,Pass,2022-12-26
STU-00838,19,Male,Electronics,3,Hostel,Postgraduate,Yes,No,5.14,,1.02,90.10,2.00,47.06,8.08,"?49,791.01",3.70,Government Job,100,Pass,2023-01-30
STU-00340,17,Male,,3,Hostel,Graduate,Yes,Yes,3.66,6.95,1.94,69.16,1.00,46.17,6.79,"?18,676.03",4.45,Entrepreneurship,100,Pass,2024-05-29
STU-00035,19,Male,Arts,4,With Family,Graduate,Yes,No,7.53,9.94,14.33,66.13,1.00,50.00,7.02,"?31,551.48",5.93,Private Job,89.43,Pass,2025-01-23
STU-00836,17,Female,Computer Science,4,With Family,School,Yes,No,2.48,7.88,2.01,82.14,6.00,24.83,8.04,"?66,032.64",7.11,Government Job,93.06,Pass,2025-10-23
STU-00549,18,Female,Mechanical,3,Rented Accommodation,School,Yes,No,7.73,6.47,1.04,76.84,1.00,45.85,7.52,"?48,036.57",3.58,Government Job,98.49,Pass,2022-09-19
STU-00193,22,Female,Science,3,With Family,Graduate,Yes,No,2.24,6.46,0.55,100.00,1.00,29.54,9.38,"?25,147.96",2.52,Private Job,100,Pass,2023-06-21
STU-01001,21,Female,,3,Rented Accommodation,No Formal Education,Yes,Yes,5.51,8.75,1.57,74.37,1.00,48.75,7.26,"?31,633.17",2.74,Entrepreneurship,99.84,Pass,2024-11-24
STU-01048,19,Female,Business Administration,1,Rented Accommodation,School,Yes,No,1.53,7.83,1.54,81.58,1.00,38.06,7.60,"?21,431.68",3.13,Higher Studies,100,Pass,2023-05-24
STU-00131,17,Male,Science,3,Hostel,School,Yes,No,3.50,,1.17,84.94,10.00,48.88,,"?58,320.27",,Government Job,84.06,Pass,2024-06-03
STU-00370,19,Male,Science,3,Rented Accommodation,Graduate,Yes,Yes,8.16,7.33,0.89,75.01,0.00,50.00,8.24,"?14,590.61",1.93,Higher Studies,100,Pass,2025-11-03
STU-00223,19,Male,Mechanical,2,With Family,School,Yes,No,1.54,7.56,0.45,99.20,0.00,50.00,8.10,"?1,33,421.09",2.17,,100,Pass,2023-07-14
STU-00419,22,Other,Science,2,With Family,Graduate,Yes,No,3.22,6.96,0.85,69.16,1.00,35.19,8.07,"?1,04,217.71",2.60,Higher Studies,90.33,Pass,2023-07-27
STU-00396,22,Male,Electronics,1,Rented Accommodation,Graduate,Yes,No,1.93,7.15,3.51,77.73,5.00,43.22,6.02,,7.84,Private Job,73.85,Pass,2022-09-20
STU-00802,21,Female,Mechanical,2,Hostel,Graduate,Yes,No,3.82,6.16,4.48,68.71,2.00,45.45,7.57,"?44,650.23",6.52,Government Job,91.99,Pass,2023-07-14
STU-00379,21,Female,Civil,3,Rented Accommodation,School,Yes,No,2.39,9.18,0.96,66.71,1.00,49.18,6.67,"?96,839.02",3.43,Undecided,90.67,Pass,2024-05-01
STU-00858,23,Male,Science,2,With Family,Graduate,Yes,No,12.07,6.53,0.86,76.95,4.00,50.00,10.00,"?1,04,629.76",7.91,Private Job,100,Pass,2023-06-13
STU-00598,22,Male,Science,3,Hostel,Graduate,Yes,No,3.68,7.84,0.40,68.21,3.00,50.00,6.94,"?98,949.78",4.90,Private Job,94.52,Pass,2025-11-15
STU-00378,22,Male,Arts,2,With Family,Graduate,Yes,Yes,8.20,6.69,1.53,80.30,4.00,41.91,8.50,"?23,979.60",6.02,Government Job,100,Pass,2026-04-15
STU-01085,20,Male,Mechanical,3,Hostel,School,Yes,No,2.35,6.43,0.27,71.09,0.00,30.49,6.54,"?77,294.55",1.83,Private Job,74.56,Pass,2026-06-27
STU-01066,23,Male,Electronics,4,With Family,School,No,No,2.11,6.37,2.19,83.13,2.00,50.00,6.84,"?50,584.64",3.65,Private Job,100,Pass,2026-04-18
STU-00117,18,Female,Computer Science,1,Hostel,Graduate,Yes,Yes,2.54,7.80,0.56,82.54,3.00,42.38,8.25,,4.71,Private Job,96.28,Pass,2022-08-19
STU-00846,23,Female,Arts,2,With Family,School,Yes,No,2.17,7.97,2.43,66.68,0.00,,7.11,"?70,932.45",1.00,Private Job,99.71,Pass,2026-06-24
STU-00865,20,Female,Computer Science,4,Rented Accommodation,Postgraduate,Yes,Yes,7.94,8.80,5.32,55.07,2.00,50.00,8.47,"?19,776.63",7.72,Government Job,100,Pass,2026-02-25
STU-00143,,Female,Computer Science,2,Rented Accommodation,School,,No,3.62,7.19,6.76,83.34,1.00,50.00,6.71,"?46,728.01",5.94,Higher Studies,96.11,Pass,2025-05-19
STU-00054,23,Male,Civil,1,,Graduate,Yes,No,4.28,8.21,0.82,76.37,3.00,38.59,8.28,"?1,38,005.81",5.58,Private Job,92.31,Pass,2025-02-18
STU-00213,22,Female,Mechanical,1,Hostel,School,Yes,No,4.19,7.32,1.21,100.00,0.00,33.76,8.09,"?1,54,674.59",1.00,Private Job,100,Pass,2023-10-29
STU-01110,18,Male,Arts,2,With Family,Graduate,No,No,1.58,8.01,0.12,71.45,6.00,40.03,7.30,"?1,38,241.95",2.06,Private Job,77.22,Pass,2025-03-09
STU-00072,19,Female,Computer Science,4,With Family,Postgraduate,Yes,Yes,2.10,6.36,1.78,60.64,3.00,35.66,6.75,"?83,245.06",2.20,Private Job,80.13,Pass,2026-06-24
STU-00523,24,Female,Civil,4,With Family,Graduate,No,No,5.87,7.58,0.67,67.78,1.00,43.51,6.17,"?58,577.50",1.00,Private Job,100,Pass,2025-04-06
STU-00069,18,Male,Civil,3,Hostel,Graduate,Yes,Yes,6.60,8.23,4.01,86.23,6.00,41.62,8.77,"?49,788.69",5.33,Higher Studies,91.37,Pass,2025-06-26
STU-01146,19,Male,Computer Science,2,With Family,Postgraduate,Yes,No,4.48,5.05,5.87,76.10,2.00,42.04,6.37,"?52,637.42",5.60,Undecided,99.16,Pass,2026-01-04
STU-00301,21,Male,,1,Hostel,Graduate,No,No,3.97,6.66,0.28,78.30,5.00,30.87,8.23,"?56,622.84",5.46,Government Job,95.56,Pass,2025-04-05
STU-00460,19,Male,Computer Science,4,Rented Accommodation,Postgraduate,Yes,No,2.36,8.37,0.36,86.25,1.00,40.15,7.81,"?67,311.11",1.03,,100,Pass,2024-04-30
STU-00856,19,Male,Civil,1,Hostel,Graduate,Yes,No,8.61,6.35,1.51,,5.00,48.99,8.67,"?54,226.78",6.24,Government Job,100,Pass,2024-11-13
STU-01002,22,Female,Civil,3,Rented Accommodation,School,No,Yes,4.84,6.69,3.34,66.89,1.00,50.00,7.17,"?77,824.32",4.86,Government Job,100,Pass,2022-09-14
STU-00581,22,Male,Electronics,1,Rented Accommodation,School,Yes,Yes,7.11,7.54,4.10,100.00,1.00,50.00,9.03,"?1,59,746.51",1.93,Private Job,100,Pass,2025-04-08
STU-00970,17,Male,Electronics,4,With Family,Graduate,Yes,No,2.27,4.72,0.03,95.05,0.00,32.93,9.38,"?36,246.06",3.75,Undecided,100,Pass,2025-06-03
STU-01196,21,Female,Civil,3,With Family,Graduate,Yes,No,1.15,7.97,0.05,83.93,2.00,41.58,7.55,"?1,22,228.61",2.92,Private Job,93.27,Pass,2023-05-29
STU-00126,23,Female,Mechanical,1,Rented Accommodation,Graduate,Yes,Yes,5.75,5.67,0.23,74.63,3.00,35.51,8.42,"?1,13,749.81",,Government Job,100,Pass,2026-01-13
STU-01098,19,Female,Mechanical,1,With Family,School,Yes,No,0.68,5.24,3.74,60.09,3.00,33.50,4.91,"?1,19,448.67",5.80,Private Job,73.06,Pass,2025-11-12
STU-00421,19,Male,Science,4,With Family,Graduate,Yes,No,,5.69,1.89,82.27,1.00,43.90,7.40,"?1,02,513.13",4.32,Private Job,98.01,Pass,2023-02-14
STU-00713,20,Female,Mechanical,2,Rented Accommodation,Graduate,Yes,No,3.76,7.19,1.64,,1.00,48.07,7.02,"?59,728.52",3.46,Government Job,97,Pass,2024-04-09
STU-01088,17,Male,,3,Hostel,Postgraduate,Yes,No,2.26,9.11,7.14,62.09,3.00,28.28,6.80,"?1,15,434.44",7.95,Private Job,58.5,Pass,2025-04-07
STU-00237,22,Male,Science,3,Hostel,School,Yes,Yes,4.53,6.90,0.84,66.44,8.00,50.00,7.25,"?1,44,066.12",5.12,Higher Studies,90.39,Pass,2023-11-04
STU-00207,19,Female,Mechanical,4,Rented Accommodation,Graduate,Yes,No,3.51,7.11,1.56,97.82,0.00,48.62,7.27,"?20,720.70",,Higher Studies,100,Pass,2026-02-28
STU-00799,,Female,Computer Science,2,With Family,Graduate,Yes,No,,7.02,0.86,80.20,3.00,42.64,6.43,"?45,362.86",3.17,Private Job,79.55,Pass,2023-04-15
STU-00774,20,Male,Electronics,4,With Family,School,Yes,No,2.64,,3.92,80.32,2.00,39.51,7.31,"?54,993.13",5.37,Private Job,93.17,Pass,2025-01-29
STU-00634,21,Male,Computer Science,1,With Family,School,Yes,Yes,6.33,6.73,5.70,80.08,0.00,46.61,7.67,"?76,777.89",,Private Job,100,Pass,2023-10-19
STU-00173,19,Female,Computer Science,4,With Family,School,Yes,No,,7.86,1.92,90.25,1.00,50.00,,"?44,910.63",5.21,Undecided,100,Pass,2024-04-05
STU-00456,17,Female,Civil,1,With Family,School,No,No,3.18,6.87,0.85,84.09,2.00,41.90,6.15,"?46,693.49",3.96,Private Job,99.75,Pass,2026-04-10
STU-00851,18,Female,Computer Science,3,Rented Accommodation,,Yes,No,5.71,6.91,0.02,95.22,0.00,47.08,9.46,"?11,363.80",1.67,Higher Studies,100,Pass,2024-08-02
STU-00951,20,Female,Mechanical,3,With Family,Postgraduate,Yes,No,5.48,7.74,0.36,71.63,5.00,33.84,9.08,"?47,104.20",3.16,Undecided,88.57,Pass,2023-12-05
STU-00276,19,Male,Arts,3,Rented Accommodation,Graduate,,Yes,6.77,7.35,3.57,85.98,0.00,,8.03,"?97,366.20",5.91,Entrepreneurship,100,Pass,2026-01-03
STU-00060,19,Female,Civil,4,With Family,School,Yes,No,4.32,6.38,3.74,67.63,5.00,30.64,6.78,"?70,919.90",9.68,Private Job,73.3,Pass,2025-03-13
STU-00620,22,Male,Computer Science,4,Rented Accommodation,Postgraduate,Yes,Yes,5.34,8.55,0.17,69.37,0.00,36.04,,"?1,71,488.51",1.00,Private Job,100,Pass,2025-12-26
STU-00251,22,Male,Mechanical,2,Hostel,No Formal Education,Yes,No,6.60,6.85,1.57,74.60,0.00,50.00,9.30,"?95,908.14",1.93,Private Job,100,Pass,2024-10-07
STU-00091,22,Male,Computer Science,2,,School,Yes,No,3.23,6.15,0.48,89.87,0.00,32.43,6.22,"?74,626.81",1.79,Private Job,100,Pass,2024-03-01
STU-00623,21,Male,Electronics,3,Rented Accommodation,Postgraduate,Yes,Yes,3.17,5.49,0.86,88.44,3.00,35.88,7.74,"?39,737.41",5.70,Private Job,100,Pass,2024-10-31
STU-00254,21,Female,Computer Science,3,With Family,,Yes,Yes,2.53,6.22,1.50,77.92,1.00,45.48,8.55,"?28,814.67",5.79,Undecided,94.34,Pass,2024-07-14
STU-00547,22,Female,Computer Science,1,With Family,Graduate,No,No,5.83,7.84,0.53,96.50,3.00,50.00,8.17,"?78,004.69",4.69,Higher Studies,100,Pass,2024-08-18
STU-00981,20,Male,Business Administration,3,Hostel,School,Yes,No,3.51,8.86,0.49,95.87,5.00,47.77,8.77,,5.15,Higher Studies,100,Pass,2024-10-20
STU-00747,25,Male,Arts,4,With Family,School,Yes,No,2.10,5.38,0.19,89.32,6.00,35.48,7.30,,5.80,Government Job,89.23,Pass,2022-08-08
STU-00006,20,Female,Mechanical,3,Hostel,Graduate,No,Yes,2.06,5.33,0.47,,2.00,33.88,7.20,"?73,079.28",2.70,Private Job,69.25,Pass,2022-10-01
STU-00609,21,Male,Computer Science,3,With Family,School,Yes,No,2.54,6.59,8.68,75.56,2.00,43.28,6.56,"?50,359.53",7.72,Private Job,92.88,Pass,2025-01-02
STU-01143,19,Female,Business Administration,2,Hostel,Postgraduate,Yes,No,2.21,5.26,0.63,90.14,0.00,41.33,8.71,"?32,753.68",3.03,Private Job,96.46,Pass,2024-02-05
STU-00913,22,Male,Civil,4,Rented Accommodation,Graduate,Yes,No,5.64,5.08,0.23,82.65,0.00,,8.46,"?69,516.89",2.59,Entrepreneurship,100,Pass,2024-05-29
STU-00059,23,Female,Science,2,With Family,Graduate,Yes,Yes,2.23,7.02,2.83,70.82,0.00,41.67,6.84,"?41,766.01",2.92,Entrepreneurship,100,Pass,2025-04-10
STU-00388,20,Male,Electronics,4,Rented Accommodation,Graduate,No,No,3.37,6.68,3.27,73.60,0.00,40.56,6.76,"?11,020.39",2.07,Private Job,100,Pass,2025-08-27
STU-00063,18,Female,Computer Science,1,Hostel,Graduate,No,No,3.39,6.66,1.10,57.92,2.00,35.01,7.30,"?42,029.01",3.87,Private Job,79.89,Pass,2025-11-22
STU-00084,21,Male,Computer Science,4,Hostel,No Formal Education,Yes,No,2.50,8.60,1.20,70.48,2.00,50.00,6.03,"?18,688.75",1.84,Government Job,100,Pass,2022-08-24
STU-00696,23,Male,Mechanical,3,Hostel,Postgraduate,Yes,No,3.45,5.31,0.67,100.00,0.00,50.00,8.83,"?1,50,088.77",1.64,Undecided,100,Pass,2025-05-18
STU-00280,23,Male,Computer Science,2,Rented Accommodation,Graduate,Yes,No,4.16,5.88,0.73,,1.00,41.21,7.40,"?1,05,579.67",4.38,Government Job,100,Pass,2023-04-21
STU-01112,22,Male,Computer Science,4,Hostel,Graduate,Yes,Yes,9.71,5.33,1.77,91.73,4.00,50.00,9.22,"?43,524.46",6.81,Undecided,100,Pass,2023-02-06
STU-00906,17,Female,Business Administration,1,With Family,No Formal Education,Yes,No,2.02,6.20,0.42,60.98,4.00,41.21,6.64,"?28,697.78",6.08,Higher Studies,77.67,Pass,2025-05-04
STU-00269,21,Male,Civil,2,Rented Accommodation,School,Yes,No,3.46,6.74,0.38,95.15,0.00,43.43,8.50,"?66,177.05",1.54,Government Job,100,Pass,2024-11-07
STU-00681,20,Male,Mechanical,2,Rented Accommodation,Postgraduate,Yes,No,7.66,7.11,1.62,90.34,2.00,50.00,9.65,"?2,29,504.68",4.72,Entrepreneurship,100,Pass,2025-08-03
STU-00124,23,Male,Business Administration,4,Rented Accommodation,School,Yes,Yes,6.98,7.93,0.27,73.49,1.00,50.00,8.18,"?38,103.23",2.20,Private Job,100,Pass,2026-01-29
STU-01132,18,Female,Business Administration,2,Hostel,,Yes,No,1.65,5.21,1.82,79.53,0.00,,6.33,"?46,258.23",3.24,Private Job,84.07,Pass,2024-12-16
STU-00399,21,Female,Mechanical,3,With Family,No Formal Education,Yes,No,3.81,8.38,2.12,87.27,1.00,38.71,7.96,"?54,184.61",1.52,Private Job,92.16,Pass,2025-01-23
STU-00055,20,Male,Science,2,Hostel,School,Yes,No,,7.14,2.88,100.00,0.00,50.00,9.00,"?38,815.11",1.02,Private Job,100,Pass,2023-12-04
STU-00731,21,Female,Business Administration,3,Hostel,Graduate,Yes,Yes,1.95,7.34,6.95,54.93,3.00,34.55,6.93,"?65,333.29",5.36,Private Job,70.52,Pass,2023-03-22
STU-01174,21,Female,Computer Science,3,With Family,Postgraduate,Yes,No,3.91,6.45,0.25,100.00,1.00,50.00,9.61,"?22,669.39",3.33,Undecided,100,Pass,2026-01-03
STU-00987,20,Female,Business Administration,1,Hostel,School,Yes,No,6.63,5.69,4.79,86.67,1.00,43.44,,"?10,801.57",6.61,Undecided,100,Pass,2023-07-20
STU-00706,22,Male,Business Administration,1,Hostel,Postgraduate,Yes,No,5.73,5.53,1.19,91.32,3.00,39.40,9.40,"?55,252.64",7.74,Higher Studies,100,Pass,2023-08-27
STU-00762,20,Female,Computer Science,3,Hostel,Graduate,Yes,Yes,3.31,6.35,0.18,93.59,2.00,50.00,8.24,"?22,933.67",5.49,Higher Studies,100,Pass,2023-06-28
STU-00042,19,Female,Electronics,4,Rented Accommodation,School,No,No,2.48,7.28,0.87,92.87,1.00,33.08,8.29,"?57,856.91",4.07,Government Job,100,Pass,2024-05-01
STU-00647,21,Female,Civil,1,Hostel,Graduate,Yes,Yes,3.52,6.88,0.45,86.05,2.00,36.69,8.47,"?62,957.24",1.00,Government Job,100,Pass,2024-07-17
STU-00111,19,Male,Computer Science,1,With Family,School,Yes,No,2.68,6.97,1.64,84.52,0.00,41.01,8.80,"?34,735.86",1.07,Private Job,100,Pass,2026-05-24
STU-01018,19,,Computer Science,1,Hostel,School,Yes,No,3.07,6.63,0.74,73.88,4.00,15.46,7.26,"?72,723.73",5.21,Government Job,94.62,Pass,2023-04-17
STU-00182,22,Male,Civil,1,With Family,School,Yes,No,2.55,,,71.73,0.00,50.00,7.99,"?11,725.87",2.32,Undecided,100,Pass,2024-03-29
STU-00275,20,Male,Mechanical,2,Hostel,Graduate,Yes,Yes,11.09,6.55,0.08,92.71,1.00,50.00,9.66,"?74,185.31",1.32,Private Job,100,Pass,2023-12-28
STU-00575,21,Female,Computer Science,2,Hostel,Postgraduate,Yes,No,,5.67,1.96,77.58,5.00,,7.59,"?44,261.67",3.52,Entrepreneurship,77.87,Pass,2025-04-16
STU-00618,22,Female,Computer Science,2,With Family,Graduate,Yes,Yes,2.62,7.78,4.23,83.22,1.00,41.12,6.36,"?19,849.45",1.00,Private Job,100,Pass,2024-02-23
STU-00222,19,Female,Business Administration,4,With Family,School,Yes,No,3.73,8.17,4.84,78.48,0.00,40.95,7.91,"?69,599.50",2.96,Private Job,97.09,Pass,2026-02-09
STU-00475,23,Male,Computer Science,2,Hostel,School,No,No,3.53,6.74,4.40,72.92,4.00,45.22,6.37,"?78,186.97",7.44,Higher Studies,100,Pass,2023-09-18
STU-01069,21,Male,Computer Science,3,Hostel,Graduate,Yes,No,2.09,7.03,0.95,76.24,7.00,39.32,8.10,"?96,372.37",5.63,Government Job,73.44,Pass,2026-01-30
STU-00553,20,Male,Computer Science,1,Rented Accommodation,Graduate,Yes,No,4.97,6.06,3.85,71.71,1.00,45.77,7.76,"?84,434.95",3.79,Private Job,100,Pass,2023-05-23
STU-00866,22,Male,Electronics,3,With Family,No Formal Education,Yes,No,7.41,6.78,1.75,88.78,0.00,50.00,8.85,"?78,518.95",1.00,Private Job,100,Pass,2025-10-23
STU-00407,21,Female,Mechanical,2,With Family,,Yes,No,1.32,8.63,3.41,73.78,0.00,38.66,6.84,"?1,07,999.07",2.64,Higher Studies,78.52,Pass,2026-02-11
STU-00253,20,Male,Mechanical,1,With Family,School,,Yes,6.55,,2.12,81.25,4.00,45.69,7.27,"?1,11,164.22",3.41,Private Job,100,Pass,2024-07-13
STU-00438,17,Male,Mechanical,2,With Family,School,Yes,No,2.76,6.77,1.66,79.12,2.00,41.69,7.28,,3.13,Undecided,100,Pass,2026-05-24
STU-00157,20,Female,Science,3,Hostel,Graduate,Yes,No,3.56,6.97,0.48,52.37,3.00,34.04,,"?1,03,130.43",4.87,Higher Studies,90.63,Pass,2024-12-21
STU-00106,21,Female,Business Administration,2,Rented Accommodation,School,Yes,No,1.15,9.94,2.59,39.78,2.00,33.13,6.02,"?45,470.71",3.67,Private Job,79.9,Pass,2023-03-04
STU-00768,22,Male,,1,Hostel,School,Yes,No,2.24,5.15,0.27,94.01,6.00,41.96,8.82,"?59,939.16",6.72,Undecided,100,Pass,2025-07-23
STU-00018,22,Female,Computer Science,1,With Family,Postgraduate,Yes,No,0.99,6.20,1.74,77.94,3.00,35.24,6.89,"?59,299.32",4.01,Private Job,96.58,Pass,2024-11-15
STU-00241,26,Male,Science,3,Rented Accommodation,Graduate,Yes,No,2.14,7.04,4.25,62.42,1.00,43.48,6.88,"?74,308.02",3.84,Private Job,92.63,Pass,2026-03-22
STU-00961,20,Female,Arts,3,Rented Accommodation,Graduate,No,No,1.81,6.99,0.91,69.07,3.00,37.52,7.02,,3.98,Higher Studies,93.17,Pass,2025-11-17
STU-01072,22,Female,Electronics,4,Hostel,Graduate,Yes,No,3.52,6.10,4.40,59.40,4.00,43.17,7.07,"?64,318.98",6.18,Undecided,91.52,Pass,2024-08-11
STU-01058,21,Female,Science,3,With Family,School,Yes,Yes,1.94,8.38,3.36,63.90,0.00,44.63,6.19,"?23,431.55",1.34,Government Job,82.6,Pass,2024-03-31
STU-00112,17,Male,Electronics,3,Rented Accommodation,Graduate,Yes,No,1.90,6.69,1.00,83.07,0.00,50.00,6.22,"?57,305.40",1.10,Government Job,92.47,Pass,2023-07-24
STU-00902,17,Male,Computer Science,2,Hostel,,Yes,No,3.62,7.80,0.57,96.18,1.00,37.43,7.25,"?62,213.66",1.22,Higher Studies,100,Pass,2025-10-31
STU-00844,23,Male,Civil,3,,Graduate,Yes,Yes,1.66,6.19,2.50,84.31,2.00,31.56,6.43,"?1,87,436.17",4.60,Higher Studies,78.77,Pass,2024-03-25
STU-01083,22,Male,,1,With Family,Graduate,Yes,No,4.27,6.36,1.37,65.78,2.00,26.80,7.29,"?8,175.00",4.11,Government Job,77.43,Pass,2023-02-26
STU-00165,26,Male,Arts,3,With Family,Postgraduate,Yes,No,3.28,7.20,3.53,96.71,6.00,,7.83,"?33,419.42",,Private Job,100,Pass,2024-02-03
STU-00834,19,Male,Computer Science,4,Rented Accommodation,School,No,No,5.89,8.83,3.48,77.71,2.00,48.03,8.28,"?41,392.35",4.02,Private Job,95.52,Pass,2024-08-04
STU-00009,20,Male,Computer Science,1,With Family,Graduate,Yes,No,9.25,5.94,3.52,84.26,1.00,48.11,8.19,"?96,280.18",4.88,Undecided,100,Pass,2025-03-03
STU-00782,19,Female,Electronics,3,With Family,School,Yes,No,1.58,5.96,0.19,88.32,2.00,45.68,7.78,"?21,754.44",2.32,Private Job,100,Pass,2025-12-07
STU-00908,21,Male,Electronics,4,With Family,,Yes,No,1.78,,1.89,84.31,4.00,37.48,9.62,"?35,211.84",5.49,Entrepreneurship,100,Pass,2022-12-03
STU-01123,23,Female,Computer Science,2,Hostel,Graduate,Yes,No,5.28,6.90,0.00,92.52,0.00,49.60,8.65,"?62,675.76",1.68,Private Job,100,Pass,2023-03-01
STU-00935,19,Female,Computer Science,4,Hostel,School,Yes,No,5.42,5.98,1.35,76.93,2.00,38.68,9.16,"?45,044.72",5.09,Private Job,89.63,Pass,2026-04-03
STU-00847,24,Female,Electronics,2,Rented Accommodation,No Formal Education,Yes,No,0.59,7.97,4.29,64.20,1.00,,5.42,"?16,594.80",3.68,Higher Studies,62.85,Pass,2025-07-18
STU-00110,23,Male,Business Administration,2,With Family,Graduate,No,No,3.70,6.71,2.21,60.05,4.00,41.66,7.93,"?33,051.51",5.72,Higher Studies,75.56,Pass,2024-04-17
STU-00225,21,Male,Computer Science,1,Hostel,Graduate,Yes,No,4.60,7.42,0.94,98.36,0.00,48.10,5.94,"?32,136.24",3.21,Private Job,100,Pass,2025-07-27
STU-01039,18,Female,Electronics,1,Hostel,School,Yes,No,3.36,6.15,2.98,65.73,0.00,,6.38,"?24,831.14",6.75,Private Job,94.58,Pass,2023-03-15
STU-00435,23,Male,Electronics,4,Hostel,School,No,No,1.71,5.97,10.36,84.23,0.00,45.36,6.00,"?50,169.60",8.48,Private Job,82.92,Pass,2023-01-08
STU-00648,20,Female,Business Administration,3,Rented Accommodation,Graduate,No,No,4.52,9.63,0.19,74.67,2.00,46.26,9.08,"?15,518.57",2.01,Private Job,100,Pass,2026-03-10
STU-01026,22,Male,Computer Science,1,With Family,Postgraduate,Yes,No,3.21,6.46,1.26,65.37,5.00,26.71,6.28,"?59,264.72",5.50,Higher Studies,78.77,Pass,2024-10-15
STU-00052,22,Male,Science,3,Hostel,Graduate,No,Yes,1.44,7.46,0.03,87.13,2.00,,7.91,"?58,545.92",5.62,Government Job,87.81,Pass,2026-01-14
STU-00038,20,Male,Mechanical,3,With Family,Graduate,Yes,Yes,1.71,8.04,0.00,100.00,1.00,50.00,7.80,"?1,24,351.12",1.00,Government Job,100,Pass,2026-01-31
STU-00759,23,Male,,3,With Family,Graduate,Yes,Yes,5.18,6.15,4.38,81.27,1.00,42.28,8.25,"?1,35,243.55",3.74,Private Job,99.93,Pass,2023-11-21
STU-00405,24,Male,Mechanical,2,Rented Accommodation,School,Yes,No,2.86,7.38,0.46,81.00,7.00,,,"?20,078.34",6.40,Undecided,98.67,Pass,2024-01-16
STU-00160,22,Female,Computer Science,3,With Family,Graduate,Yes,Yes,1.06,5.16,2.66,83.87,0.00,45.96,7.04,"?1,12,624.98",5.53,Higher Studies,100,Pass,2026-06-18
STU-00192,20,Male,Business Administration,3,With Family,School,Yes,No,2.11,6.24,1.35,96.93,3.00,37.62,8.65,"?15,106.38",4.25,Private Job,100,Pass,2026-04-24
STU-00098,21,Female,,1,With Family,Graduate,Yes,No,3.20,5.17,1.54,100.00,1.00,44.17,8.40,"?30,773.91",4.27,Government Job,100,Pass,2024-09-13
STU-00897,19,Male,Business Administration,4,With Family,No Formal Education,Yes,No,5.59,6.62,0.32,99.24,2.00,50.00,7.48,"?67,158.95",3.28,Government Job,100,Pass,2025-01-09
STU-00136,25,Male,Electronics,2,With Family,School,Yes,No,1.14,5.37,0.29,59.22,4.00,,5.66,"?26,747.79",5.75,Private Job,84.45,Pass,2026-04-09
STU-00611,18,Female,Mechanical,2,Rented Accommodation,No Formal Education,Yes,Yes,1.18,5.86,2.63,83.90,2.00,43.66,7.29,"?1,67,376.77",3.80,Undecided,82.15,Pass,2025-11-08
STU-00749,18,Male,Business Administration,2,With Family,School,Yes,Yes,5.95,6.77,,65.18,0.00,50.00,5.87,"?50,201.72",2.50,Entrepreneurship,100,Pass,2023-05-30
STU-00155,22,Male,Computer Science,1,With Family,Graduate,Yes,No,2.53,6.80,2.25,69.33,1.00,49.84,7.36,"?14,522.25",4.84,Undecided,88.6,Pass,2026-05-13
STU-01074,20,Female,Science,1,Hostel,No Formal Education,Yes,No,1.14,7.79,2.38,73.60,5.00,39.81,6.60,"?16,291.70",7.41,Higher Studies,89.86,Pass,2023-05-02
STU-00815,17,Male,Computer Science,2,With Family,Graduate,Yes,Yes,,6.35,1.96,100.00,4.00,50.00,9.66,"?1,16,103.68",2.50,Private Job,100,Pass,2024-03-12
STU-01200,23,Male,Business Administration,4,With Family,,Yes,No,1.33,5.34,6.96,68.35,4.00,40.74,5.46,"?34,835.74",8.41,Private Job,86.53,Pass,2023-04-10
STU-00966,22,Female,Computer Science,4,Hostel,No Formal Education,Yes,No,1.56,6.65,1.57,57.20,1.00,26.63,5.92,"?31,037.43",2.74,Private Job,69.75,Pass,2025-01-11
STU-00814,19,Female,Mechanical,2,Hostel,School,Yes,Yes,1.96,6.95,1.84,99.39,4.00,43.22,7.71,"?55,663.39",4.96,Higher Studies,100,Pass,2024-07-04
STU-00366,19,Male,Computer Science,3,Rented Accommodation,Graduate,Yes,Yes,3.52,7.06,0.86,,1.00,37.29,7.57,"?1,16,849.68",1.60,Undecided,99.84,Pass,2024-06-14
STU-00172,22,Male,Mechanical,1,With Family,Postgraduate,Yes,Yes,2.24,8.20,0.03,64.41,4.00,35.80,6.14,"?62,073.29",,Higher Studies,81.74,Pass,2023-04-17
STU-00772,18,Male,Business Administration,3,Rented Accommodation,Graduate,Yes,No,1.78,6.07,1.76,98.99,4.00,40.72,9.30,"?61,893.99",3.53,Higher Studies,100,Pass,2022-08-15
STU-00572,20,Female,Civil,4,Rented Accommodation,School,Yes,No,1.51,7.66,2.54,89.36,2.00,36.76,6.85,"?32,394.76",6.52,Government Job,95.69,Pass,2024-08-16
STU-00384,20,Male,,3,With Family,School,Yes,No,3.03,6.94,1.77,75.31,0.00,27.83,6.74,"?26,688.47",2.83,Private Job,99.34,Pass,2024-10-10
STU-00188,20,Female,Civil,3,Hostel,School,Yes,No,6.92,7.87,0.55,96.15,1.00,50.00,9.33,"?96,126.51",1.07,Government Job,-5,Pass,2024-04-22
STU-00484,22,Female,Business Administration,2,Rented Accommodation,Graduate,Yes,Yes,1.39,6.42,3.04,74.70,3.00,37.41,5.94,"?86,508.35",4.94,Undecided,86.05,Pass,2025-10-24
STU-00690,22,Female,Arts,2,Rented Accommodation,School,Yes,No,4.33,6.27,1.22,90.09,1.00,,7.48,"?46,367.00",3.38,Government Job,100,Pass,2022-12-25
STU-00433,19,Female,Civil,1,Rented Accommodation,No Formal Education,Yes,No,6.33,5.71,0.15,83.50,0.00,50.00,8.19,"?49,498.86",1.00,Undecided,100,Pass,2025-03-12
STU-00244,18,Female,Computer Science,3,With Family,,Yes,No,2.36,5.22,0.50,74.82,3.00,42.00,7.11,"?23,600.78",1.00,Government Job,88.26,Pass,2025-09-04
STU-00314,20,Male,Business Administration,3,With Family,Postgraduate,Yes,Yes,2.90,7.79,2.56,65.88,1.00,40.74,7.64,"?1,45,008.88",2.89,Private Job,100,Pass,2025-10-16
STU-00320,19,Female,Mechanical,2,Hostel,School,Yes,No,2.67,4.41,3.68,77.12,0.00,42.65,7.57,"?55,725.00",3.75,Private Job,100,Pass,2026-03-10
STU-00651,20,Female,Electronics,2,Rented Accommodation,Graduate,Yes,No,2.94,5.81,4.77,95.04,5.00,39.87,6.73,"?58,637.58",7.49,Private Job,100,Pass,2022-08-20
STU-00716,21,Male,Business Administration,4,With Family,Graduate,Yes,No,3.25,7.40,3.97,76.86,6.00,45.83,7.98,"?1,10,642.78",7.86,Entrepreneurship,89.29,Pass,2026-06-27
STU-00490,18,Male,Mechanical,1,Rented Accommodation,Graduate,Yes,No,3.65,8.01,1.11,94.26,0.00,45.16,8.25,"?41,422.95",1.00,Higher Studies,100,Pass,2025-12-15
STU-00876,23,Female,,2,With Family,No Formal Education,Yes,No,1.56,6.61,4.01,81.28,3.00,43.54,7.37,"?30,438.81",6.28,Higher Studies,88.62,Pass,2026-01-05
STU-00437,21,Male,Civil,1,Hostel,School,Yes,No,1.72,6.93,2.76,80.74,4.00,33.22,7.72,"?14,211.06",3.74,Government Job,84.74,Pass,2022-11-21
STU-01137,20,Male,Computer Science,1,With Family,Graduate,Yes,No,2.28,4.96,0.16,83.77,2.00,38.15,8.24,"?2,09,515.84",2.59,Entrepreneurship,97.5,Pass,2024-08-27
STU-01134,19,Male,Computer Science,4,Rented Accommodation,Graduate,Yes,Yes,2.25,6.20,2.06,72.55,5.00,38.14,8.06,"?13,127.50",2.68,Private Job,78.33,Pass,2025-05-28
STU-00928,19,Male,Computer Science,4,Rented Accommodation,School,Yes,No,,7.76,1.46,50.64,2.00,32.76,6.85,"?51,039.73",2.95,Private Job,84.22,Pass,2024-11-05
STU-00649,17,Male,Science,1,With Family,Graduate,Yes,No,2.82,7.99,2.06,52.40,3.00,40.42,5.81,"?64,427.77",4.40,Higher Studies,68.36,Pass,2024-02-02
STU-00511,21,Male,Science,2,With Family,Graduate,Yes,Yes,3.79,7.50,1.58,,3.00,32.14,7.36,"?1,24,017.52",5.33,Private Job,83.06,Pass,2023-10-30
STU-00228,19,Male,Mechanical,3,Rented Accommodation,Graduate,Yes,No,2.17,6.92,2.27,56.64,3.00,39.19,5.78,"?45,247.82",4.88,Private Job,89.75,Pass,2026-03-01
STU-01100,23,Male,Computer Science,1,Hostel,School,Yes,No,0.71,4.51,6.04,70.27,2.00,41.87,,"?51,926.39",4.30,Undecided,74.73,Pass,2024-01-12
STU-00603,22,Male,Science,3,With Family,School,Yes,No,,6.58,1.23,71.46,0.00,41.21,7.19,"?76,768.90",7.11,Private Job,100,Pass,2023-02-08
STU-00286,23,Female,Civil,1,With Family,School,Yes,No,7.65,4.84,0.14,58.91,2.00,50.00,7.09,"?79,438.25",3.23,Undecided,97.78,Pass,2024-01-26
STU-00995,21,Female,Computer Science,1,With Family,School,Yes,No,5.16,5.32,3.46,77.02,2.00,49.36,6.08,"?56,819.93",3.59,Private Job,100,Pass,2022-08-12
STU-00521,22,Male,Science,4,With Family,School,Yes,No,2.76,6.60,0.25,74.26,7.00,33.91,8.68,"?19,039.57",5.70,Government Job,82.22,Pass,2025-05-08
STU-00457,19,Male,Business Administration,4,Hostel,Postgraduate,Yes,Yes,3.03,,3.87,79.50,0.00,49.31,6.45,"?46,494.18",4.54,Private Job,91.17,Pass,2025-08-04
STU-00210,21,Female,Electronics,3,With Family,School,Yes,Yes,6.33,7.26,2.45,70.09,0.00,48.54,8.82,"?23,009.87",1.04,Private Job,100,Pass,2026-02-05
STU-00130,18,Female,Business Administration,3,With Family,School,Yes,No,1.87,7.58,0.38,63.49,2.00,39.09,6.66,"?64,524.02",1.00,Higher Studies,95.72,Pass,2025-06-02
STU-00316,19,Male,Mechanical,3,Hostel,Graduate,Yes,No,3.39,5.45,1.15,100.00,3.00,49.74,8.07,"?39,713.36",3.91,Government Job,100,Pass,2022-10-14
STU-00884,22,Female,Mechanical,4,With Family,Graduate,Yes,No,0.73,6.47,1.30,67.51,3.00,46.43,7.20,"?72,787.12",7.82,Private Job,71.93,Pass,2025-12-07
STU-00965,24,Male,Mechanical,1,With Family,Graduate,Yes,No,9.80,8.20,0.78,79.26,10.00,47.81,8.79,"?2,33,054.68",7.55,Private Job,100,Pass,2022-12-15
STU-00562,22,Female,Computer Science,4,Hostel,Graduate,Yes,No,1.11,7.74,,86.94,1.00,48.53,8.24,"?43,528.36",1.00,Private Job,95.61,Pass,2025-02-19
STU-00200,21,Male,Civil,1,Hostel,Graduate,Yes,No,3.50,4.80,0.69,74.90,0.00,32.92,6.99,"?17,149.82",,Higher Studies,94.36,Pass,2026-02-18
STU-01081,20,Female,Civil,2,Rented Accommodation,Graduate,Yes,No,4.12,6.48,1.32,82.08,3.00,47.24,9.66,"?86,449.41",5.96,Private Job,100,Pass,2025-02-06
STU-00268,18,Female,Arts,2,With Family,Graduate,No,No,2.30,8.43,0.39,96.20,2.00,47.09,7.48,"?64,351.88",1.85,Private Job,97.53,Pass,2024-01-14
STU-00085,21,Female,Electronics,1,Hostel,School,Yes,No,2.22,6.34,3.62,77.66,2.00,41.21,6.27,"?44,953.03",7.89,Higher Studies,85.41,Pass,2023-06-10
STU-00832,20,Male,Electronics,1,Hostel,No Formal Education,Yes,No,1.24,7.95,5.08,47.61,0.00,26.37,6.35,"?32,627.27",,,125,Pass,2023-08-09
STU-00288,21,Male,Business Administration,1,Rented Accommodation,School,Yes,No,4.29,5.66,0.44,91.41,3.00,50.00,8.33,"?54,671.53",3.16,Higher Studies,100,Pass,2025-05-12
STU-00011,22,Female,Mechanical,4,Hostel,No Formal Education,Yes,No,4.14,7.49,0.73,67.36,0.00,47.12,8.07,"?75,571.79",3.84,Private Job,94.87,Pass,2024-04-07
STU-00285,25,Female,Computer Science,3,Hostel,Postgraduate,No,No,3.35,9.35,3.26,81.76,1.00,30.24,7.58,"?50,494.12",1.26,,93.91,Pass,2023-08-24
STU-00444,20,Female,Computer Science,3,Hostel,School,Yes,No,4.88,6.51,2.12,92.48,1.00,40.60,7.62,"?1,23,001.87",1.87,,100,Pass,2024-08-26
STU-00967,17,Male,Business Administration,3,With Family,Postgraduate,Yes,No,2.28,7.64,0.02,94.36,2.00,50.00,8.43,"?51,419.47",1.00,Government Job,100,Pass,2024-09-05
STU-00541,20,Male,Business Administration,1,Rented Accommodation,Graduate,Yes,No,1.26,8.38,3.18,77.03,0.00,36.77,7.93,"?4,06,332.45",1.83,Private Job,94.63,Pass,2024-02-03
STU-00114,19,Male,Mechanical,3,With Family,Postgraduate,Yes,No,6.28,7.86,7.15,84.24,0.00,50.00,8.52,"?51,089.99",3.36,Government Job,100,Pass,2023-12-03
STU-01118,23,Female,Computer Science,1,With Family,,Yes,No,1.79,7.51,3.14,64.70,1.00,42.30,7.84,"?42,683.09",1.00,Higher Studies,95.62,Pass,2022-12-26
STU-00494,22,Male,Arts,4,Hostel,School,Yes,No,4.30,,2.62,95.33,2.00,45.91,8.63,"?23,109.89",4.25,Entrepreneurship,100,Pass,2026-02-28
STU-00853,24,Female,,3,With Family,Graduate,Yes,Yes,3.65,6.49,0.41,84.42,1.00,50.00,7.51,"?44,336.89",2.14,Government Job,100,Pass,2022-10-28
STU-00144,21,Female,Electronics,2,Hostel,Postgraduate,Yes,No,5.48,6.43,1.27,67.66,0.00,47.44,8.22,"?21,407.55",1.34,Government Job,100,Pass,2026-05-13
STU-01045,23,Male,Science,4,Hostel,Graduate,Yes,No,2.73,7.88,0.10,95.22,0.00,50.00,8.28,"?64,558.73",1.87,Undecided,100,Pass,2025-03-07
STU-01031,23,Female,Computer Science,1,Rented Accommodation,Postgraduate,Yes,No,7.38,7.89,5.97,61.69,0.00,,5.71,"?42,322.35",1.28,Private Job,99.94,Pass,2023-11-10
STU-01199,21,Male,Electronics,2,Rented Accommodation,School,Yes,No,,5.35,0.35,69.72,1.00,34.29,6.91,"?28,060.00",4.96,Government Job,100,Pass,2022-11-21
STU-00230,20,Female,Mechanical,4,With Family,No Formal Education,No,No,2.25,8.50,8.05,92.15,0.00,32.48,6.97,"?23,479.99",5.87,Private Job,86.41,Pass,2025-06-20
STU-01099,21,Male,Electronics,2,Hostel,School,Yes,No,7.29,7.96,1.51,85.92,4.00,50.00,7.52,"?65,399.76",3.75,Undecided,100,Pass,2025-05-23
STU-00107,20,Female,Business Administration,1,Rented Accommodation,Postgraduate,Yes,No,6.13,7.69,1.63,,0.00,50.00,8.04,"?9,690.78",1.00,Higher Studies,100,Pass,2026-02-11
STU-00674,21,Female,Science,3,With Family,Graduate,Yes,No,2.64,6.77,2.24,77.59,3.00,33.31,6.42,"?53,754.81",2.24,Private Job,82.96,Pass,2026-02-26
STU-00174,23,Male,Science,1,Rented Accommodation,School,Yes,No,5.23,7.08,3.82,80.58,3.00,48.14,7.79,"?25,614.34",5.39,Private Job,100,Pass,2022-12-21
STU-01153,21,Female,Arts,1,Hostel,Graduate,Yes,No,4.67,5.82,,78.65,4.00,33.35,6.82,"?16,506.19",2.98,Private Job,100,Pass,2023-12-08
STU-00841,20,Male,Electronics,3,Rented Accommodation,Graduate,No,Yes,4.43,5.70,0.86,100.00,5.00,50.00,8.55,,4.76,Higher Studies,100,Pass,2022-11-10
STU-00508,17,Female,Mechanical,3,With Family,School,No,Yes,11.30,,5.92,,0.00,50.00,7.20,"?19,298.92",4.64,Government Job,100,Pass,2023-02-03
STU-01078,18,Female,Arts,4,With Family,Graduate,Yes,No,,4.98,0.60,74.81,3.00,50.00,8.87,"?22,061.32",3.14,Higher Studies,100,Pass,2023-11-01
STU-01192,18,Male,Civil,4,Hostel,,No,No,4.83,5.21,3.28,71.44,4.00,40.16,6.21,,3.99,Higher Studies,86.17,Pass,2023-07-07
STU-00287,21,Female,Arts,1,With Family,Graduate,Yes,No,6.34,5.09,0.11,80.03,3.00,47.47,9.06,"?83,959.13",6.43,Private Job,100,Pass,2024-03-26
STU-00745,22,Female,Mechanical,4,Rented Accommodation,Graduate,Yes,No,,6.06,2.38,75.13,1.00,45.71,7.64,,4.29,Government Job,88.31,Pass,2023-05-16
STU-00411,19,Other,Computer Science,3,With Family,,Yes,No,21.00,5.26,6.71,71.49,2.00,50.00,5.29,"?2,06,620.83",7.52,Private Job,84.43,Pass,2026-03-18
STU-00404,22,Female,Electronics,3,With Family,,No,No,0.86,6.79,2.90,78.51,3.00,,5.58,"?9,258.65",6.57,Undecided,72.8,Pass,2022-10-05
STU-01133,18,Male,Science,3,Hostel,Postgraduate,Yes,No,1.61,6.66,0.40,98.41,0.00,45.93,8.58,"?44,190.26",1.00,Private Job,100,Pass,2024-01-08
STU-00730,19,Male,Electronics,3,Rented Accommodation,Postgraduate,Yes,No,,6.46,2.97,66.86,0.00,47.01,5.88,"?1,36,192.45",1.80,Higher Studies,94.83,Pass,2023-10-19
STU-01055,17,Male,Computer Science,3,Rented Accommodation,School,Yes,No,7.02,7.37,0.43,83.76,1.00,50.00,8.61,,1.00,Higher Studies,100,Pass,2023-02-06
STU-00715,19,Female,Computer Science,1,Hostel,Graduate,Yes,No,2.72,6.90,2.91,74.47,2.00,44.13,7.00,,3.08,Government Job,87.93,Pass,2025-08-13
STU-00247,20,Male,Business Administration,4,Hostel,Graduate,No,No,,6.03,0.81,88.81,3.00,44.39,6.83,"?80,316.28",3.93,Higher Studies,98.08,Pass,2023-10-04
STU-00770,24,Male,Computer Science,2,With Family,School,Yes,No,2.81,7.92,0.07,95.96,0.00,50.00,7.97,"?32,487.78",1.00,Entrepreneurship,100,Pass,2023-03-20
STU-01097,19,Female,Computer Science,2,With Family,Graduate,Yes,No,2.39,6.41,2.53,75.11,3.00,43.13,6.92,"?70,288.81",3.75,Government Job,98.14,Pass,2023-10-25
STU-00869,17,Male,Electronics,3,Rented Accommodation,Postgraduate,Yes,Yes,4.98,9.69,2.32,82.93,4.00,35.98,6.03,"?24,215.93",5.93,Higher Studies,93.76,Pass,2023-06-03
STU-00493,18,Male,Computer Science,2,Hostel,Graduate,Yes,No,,7.99,0.27,89.23,0.00,44.14,7.04,"?73,399.54",1.00,Private Job,91.37,Pass,2025-11-16
STU-00930,,Male,Science,2,Hostel,Graduate,Yes,No,4.29,8.55,1.02,85.67,7.00,47.73,9.21,"?44,611.88",5.44,Private Job,96.94,Pass,2024-12-25
STU-01051,20,Female,Computer Science,3,Hostel,Graduate,Yes,No,1.38,6.14,0.84,,5.00,34.25,5.14,"?40,355.01",4.65,Private Job,53.83,Pass,2026-02-19
STU-01188,20,Female,Computer Science,4,With Family,Postgraduate,Yes,Yes,2.23,5.45,0.24,74.30,2.00,45.36,5.67,"?1,64,363.11",,Undecided,98.71,Pass,2023-09-25
STU-00390,22,Other,Mechanical,1,Hostel,School,Yes,No,1.50,7.21,0.25,73.30,2.00,38.72,7.98,"?2,47,819.97",6.21,Higher Studies,77.06,Pass,2022-10-09
STU-00979,21,Female,Computer Science,1,Hostel,School,Yes,Yes,2.21,5.79,0.57,100.00,1.00,47.80,8.22,"?55,316.51",3.18,Higher Studies,100,Pass,2024-05-11
STU-00985,17,Male,Science,1,With Family,Graduate,No,No,7.25,6.28,2.84,99.40,1.00,45.52,,"?1,61,351.08",1.00,Entrepreneurship,100,Pass,2023-01-21
STU-00629,22,Male,Civil,4,Hostel,School,No,Yes,0.72,6.83,0.36,92.00,4.00,49.80,8.47,"?1,55,032.45",3.89,Private Job,100,Pass,2026-04-18
STU-00473,21,Male,Business Administration,4,With Family,School,Yes,No,0.89,6.90,6.20,57.28,1.00,44.39,4.41,"?96,841.49",4.25,Government Job,69.04,Pass,2023-08-14
STU-00726,21,Male,Computer Science,4,With Family,School,,No,2.16,5.16,,89.54,2.00,49.97,6.15,"?37,570.08",7.18,Private Job,93.92,Pass,2024-01-26
STU-00734,17,Male,Business Administration,1,Rented Accommodation,Graduate,Yes,No,1.35,8.23,4.40,43.23,1.00,23.80,6.00,"?21,856.53",6.57,Higher Studies,68.1,Pass,2025-02-28
STU-00686,21,Female,Science,4,,School,Yes,Yes,1.40,8.04,0.03,61.75,0.00,44.82,6.47,"?10,244.19",1.00,Private Job,100,Pass,2025-12-16
STU-00498,18,Male,Arts,3,With Family,No Formal Education,Yes,No,8.39,5.93,0.32,,0.00,50.00,9.41,"?76,483.92",1.83,Higher Studies,100,Pass,2023-07-24
STU-00607,20,Female,Computer Science,4,,No Formal Education,Yes,No,7.00,4.19,3.11,65.49,2.00,41.03,7.25,"?61,254.65",5.11,Private Job,94.92,Pass,2023-03-06
STU-00643,19,Male,Electronics,2,Hostel,Graduate,Yes,No,3.18,6.23,0.10,88.73,4.00,37.32,,"?25,290.23",2.77,Private Job,82.38,Pass,2023-09-24
STU-00082,19,Male,Computer Science,3,Hostel,Postgraduate,Yes,No,2.25,7.01,1.06,68.37,0.00,47.85,7.95,"?26,366.40",2.20,Higher Studies,100,Pass,2022-09-16
STU-00313,19,Male,Science,1,Hostel,School,No,Yes,2.98,6.69,0.95,69.37,1.00,41.94,5.18,"?45,202.61",3.45,Private Job,100,Pass,2026-04-25
STU-00459,20,Female,Business Administration,3,With Family,Graduate,Yes,No,2.97,6.59,3.48,89.57,0.00,38.03,8.03,"?13,359.93",4.95,Entrepreneurship,100,Pass,2026-03-25
STU-00786,19,Female,Business Administration,4,With Family,School,Yes,Yes,1.58,6.95,2.46,71.85,1.00,30.08,6.73,"?41,549.61",3.63,Government Job,78.25,Pass,2026-04-26
STU-00687,23,Female,Electronics,1,,Graduate,Yes,No,5.25,7.18,1.76,88.24,7.00,50.00,7.02,,,Entrepreneurship,100,Pass,2025-04-16
STU-00816,23,Male,Civil,3,Hostel,School,Yes,No,2.97,6.06,2.66,77.46,1.00,45.26,6.05,"?35,655.59",3.10,Private Job,85.32,Pass,2025-08-07
STU-00993,23,Male,Computer Science,1,Hostel,Graduate,Yes,No,2.43,6.71,0.09,94.36,2.00,50.00,8.67,"?1,44,164.26",4.08,Undecided,100,Pass,2024-06-08
STU-00665,20,Male,Mechanical,4,With Family,Graduate,Yes,No,1.72,5.92,0.65,,5.00,43.21,7.01,"?1,14,720.66",3.84,Higher Studies,96.2,Pass,2024-12-19
STU-00792,22,Female,Civil,4,Hostel,Graduate,Yes,No,6.18,6.35,2.27,85.14,3.00,50.00,7.34,"?67,192.04",6.45,Higher Studies,100,Pass,2026-01-20
STU-00735,19,Female,Civil,2,With Family,,Yes,Yes,6.89,6.73,0.54,100.00,2.00,50.00,10.00,"?1,59,341.27",3.36,Private Job,100,Pass,2023-12-27
STU-00477,21,Other,Civil,3,Rented Accommodation,Graduate,Yes,Yes,2.72,6.14,2.45,76.81,6.00,43.92,7.40,"?12,456.76",6.28,Government Job,88.89,Pass,2024-06-30
STU-00893,22,Other,Civil,1,With Family,School,Yes,No,3.68,4.64,,80.67,1.00,39.98,8.28,,2.61,Higher Studies,94.88,Pass,2022-11-24
STU-00794,22,Female,Science,4,Rented Accommodation,Graduate,Yes,No,2.49,5.21,1.09,85.33,1.00,49.29,7.46,"?33,544.12",2.90,Private Job,100,Pass,2022-12-15
STU-00937,18,Male,Computer Science,2,Hostel,Graduate,Yes,Yes,1.35,5.51,2.69,72.37,1.00,27.24,6.29,"?1,50,108.37",5.24,Private Job,79.41,Pass,2023-07-09
STU-01114,23,Female,Business Administration,2,Rented Accommodation,Graduate,,Yes,9.61,9.35,0.10,85.17,2.00,50.00,9.65,,4.81,Entrepreneurship,100,Pass,2023-03-28
STU-00761,18,Female,Computer Science,4,With Family,School,Yes,No,,5.33,0.31,73.64,4.00,49.58,8.85,"?41,192.31",7.47,Undecided,100,Pass,2024-02-05
STU-00793,20,Male,Business Administration,2,With Family,No Formal Education,Yes,No,4.52,,4.94,81.22,0.00,50.00,7.82,"?90,636.80",2.74,Higher Studies,100,Pass,2024-12-01
STU-00071,17,Male,Electronics,3,With Family,Graduate,No,No,8.03,8.73,1.69,82.68,2.00,50.00,8.94,"?61,934.58",4.88,Government Job,100,Pass,2026-06-17
STU-00697,23,Male,Computer Science,1,With Family,Graduate,Yes,Yes,1.15,7.32,0.56,75.51,2.00,44.16,8.01,,3.30,Private Job,94.94,Pass,2022-08-06
STU-00907,23,Female,Electronics,1,Hostel,Graduate,,No,3.18,3.72,2.51,93.39,2.00,45.45,8.68,"?25,683.00",5.75,Government Job,100,Pass,2024-12-10
STU-00493,18,Male,Computer Science,2,Hostel,Graduate,Yes,No,,7.99,0.27,89.23,0.00,44.14,7.04,"?73,399.54",1.00,Private Job,91.37,Pass,2025-11-16
STU-00535,18,Male,Electronics,4,Rented Accommodation,Postgraduate,Yes,No,1.75,7.72,0.73,71.31,3.00,32.28,6.52,"?25,499.80",3.26,Private Job,87.16,Pass,2025-03-12
STU-00718,19,Male,Business Administration,1,Rented Accommodation,Graduate,Yes,No,5.60,6.02,,84.83,0.00,45.67,8.86,"?39,336.48",1.00,Government Job,100,Pass,2022-07-25
STU-00191,21,Female,Mechanical,2,With Family,School,Yes,No,4.32,7.66,1.50,91.87,0.00,42.72,9.47,"?35,839.23",1.00,Higher Studies,100,Pass,2025-11-24
STU-01075,20,Male,Mechanical,1,Hostel,Postgraduate,Yes,No,6.39,5.93,0.85,81.65,1.00,,8.34,"?67,520.23",1.00,Private Job,100,Pass,2023-03-11
STU-00545,24,Male,Electronics,2,Hostel,Graduate,Yes,No,0.96,7.78,3.16,65.58,2.00,41.04,5.77,"?41,896.63",4.21,Government Job,74.38,Pass,2022-09-10
STU-00997,22,Male,Mechanical,1,Hostel,Graduate,Yes,No,3.20,7.76,1.97,77.29,1.00,39.83,7.42,"?90,268.25",4.24,Private Job,91.49,Pass,2024-06-11
STU-00664,23,Female,Arts,3,Hostel,School,Yes,No,4.64,6.15,0.68,,1.00,43.44,6.24,"?43,458.63",3.29,Government Job,100,Pass,2025-03-21
STU-01187,22,Female,Science,1,Rented Accommodation,Graduate,Yes,No,3.28,8.63,0.09,79.66,2.00,50.00,8.08,"?15,794.99",2.20,Higher Studies,100,Pass,2024-09-09
STU-00880,19,Male,Science,4,Hostel,School,Yes,No,2.18,5.11,0.15,84.58,1.00,50.00,8.11,"?1,02,167.12",1.95,Government Job,100,Pass,2026-06-29
STU-00587,21,Female,Arts,1,Hostel,Postgraduate,Yes,No,0.82,5.96,0.43,75.01,8.00,40.77,5.35,"?24,313.38",8.43,Entrepreneurship,78.05,Pass,2026-03-29
STU-00559,18,Female,Arts,4,With Family,Graduate,Yes,No,2.41,5.49,0.97,76.64,8.00,35.37,8.11,"?35,004.44",5.79,Government Job,92.05,Pass,2025-09-04
STU-00969,,Male,Mechanical,2,,Graduate,Yes,No,4.57,7.39,4.50,76.23,1.00,50.00,8.57,"?8,000.00",5.16,Private Job,100,Pass,2023-04-22
STU-00756,20,Male,Science,4,Hostel,School,Yes,No,1.90,7.82,1.29,78.75,0.00,35.97,6.48,"?33,036.23",2.83,Private Job,96.2,Pass,2024-06-11
STU-00857,20,Other,Electronics,1,With Family,School,Yes,No,2.21,4.69,0.24,62.09,0.00,41.27,6.08,"?99,527.40",3.19,Private Job,89.96,Pass,2023-10-31
STU-00679,23,Male,Science,1,Rented Accommodation,School,Yes,Yes,4.95,8.83,1.30,,1.00,50.00,7.62,"?52,849.88",1.00,Higher Studies,100,Pass,2026-05-23
STU-00555,19,Female,Science,3,Hostel,Graduate,Yes,Yes,0.97,7.69,4.05,89.84,4.00,38.82,6.07,"?1,65,767.03",7.87,Private Job,85.34,Pass,2026-02-21
STU-00185,22,Female,Civil,1,Hostel,Graduate,Yes,No,1.81,7.98,0.41,75.83,0.00,39.48,6.43,"?51,406.71",1.50,Undecided,79.24,Pass,2022-08-22
STU-01195,20,Female,Science,2,Hostel,Graduate,No,No,2.55,7.54,0.11,86.85,1.00,28.58,7.30,"?39,099.21",2.29,Government Job,89.04,Pass,2024-05-13
STU-00100,18,Male,Electronics,2,Hostel,Graduate,Yes,No,4.73,6.02,1.38,82.09,4.00,50.00,7.53,"?75,578.96",2.65,Undecided,100,Pass,2022-08-11
STU-00925,20,Male,Science,4,Hostel,No Formal Education,Yes,No,2.99,6.83,1.19,92.98,4.00,40.03,7.78,"?1,74,710.67",3.87,Private Job,90.13,Pass,2023-08-05
STU-00918,22,Other,Science,3,With Family,Graduate,No,No,2.05,7.80,2.31,,0.00,37.15,7.49,"?1,41,222.17",,Entrepreneurship,99.91,Pass,2023-12-29
STU-00367,19,Female,Mechanical,4,Hostel,,Yes,No,4.62,6.72,,98.83,2.00,50.00,8.31,"?38,132.80",7.96,Private Job,100,Pass,2023-11-17
STU-00849,18,Female,Civil,1,Rented Accommodation,Graduate,Yes,No,1.92,6.05,4.18,49.39,6.00,30.00,5.07,"?43,054.91",9.22,Higher Studies,52.79,Pass,2022-12-03
STU-00891,23,Male,Computer Science,4,Hostel,School,Yes,Yes,3.04,7.09,1.91,76.77,1.00,38.23,7.21,"?71,176.95",3.76,Government Job,88.4,Pass,2023-12-06
STU-00032,23,Female,Mechanical,1,With Family,Graduate,Yes,No,,6.94,2.28,51.08,5.00,,6.79,"?1,31,354.21",8.77,Higher Studies,80.45,Pass,2023-11-09
STU-00010,20,Male,Electronics,4,Rented Accommodation,Postgraduate,Yes,No,4.27,7.27,0.69,66.81,0.00,45.75,8.67,"?13,542.68",1.00,Higher Studies,100,Pass,2025-06-09
STU-00345,20,Female,Science,3,With Family,Graduate,Yes,No,1.10,5.95,1.88,79.61,1.00,41.53,7.60,,4.62,Private Job,100,Pass,2024-01-27
STU-00227,19,Male,Mechanical,2,Hostel,Graduate,No,No,2.50,5.76,5.74,45.30,0.00,41.30,6.05,"?96,109.04",2.67,Undecided,73.74,Pass,2023-11-11
STU-00517,18,Male,Mechanical,2,With Family,School,Yes,No,6.12,9.10,0.58,72.46,1.00,50.00,8.60,"?8,000.00",1.86,Higher Studies,100,Pass,2022-07-26
STU-00328,20,Male,Mechanical,4,With Family,School,Yes,Yes,1.26,4.33,0.50,73.03,5.00,33.32,6.76,,5.23,Higher Studies,64.13,Pass,2024-10-17
STU-01160,17,Female,Arts,3,Hostel,Graduate,Yes,No,0.55,7.00,0.86,58.67,0.00,34.84,6.02,"?34,607.58",1.00,Entrepreneurship,82.19,Pass,2024-06-01
STU-01141,22,Female,Civil,1,Rented Accommodation,School,Yes,No,4.18,6.92,1.77,77.46,2.00,43.50,7.69,,2.37,Private Job,97.9,Pass,2025-10-12
STU-00307,20,Female,Computer Science,3,Rented Accommodation,Graduate,Yes,No,2.62,6.61,2.71,67.32,2.00,50.00,6.26,,5.79,Government Job,100,Pass,2024-05-25
STU-01185,21,Female,Science,3,Hostel,School,No,Yes,1.56,6.96,0.16,93.39,4.00,27.89,7.87,"?70,122.59",,Government Job,100,Pass,2026-05-06
STU-00329,19,Male,Computer Science,1,With Family,Graduate,Yes,Yes,2.36,7.36,3.97,99.74,3.00,45.84,7.29,"?41,246.07",4.56,Undecided,88.48,Pass,2023-01-16
STU-00224,19,Female,Mechanical,2,Hostel,Graduate,Yes,No,7.32,7.31,0.79,89.28,2.00,50.00,9.56,,3.90,Private Job,100,Pass,2025-10-31
STU-00872,22,Female,Computer Science,2,Rented Accommodation,Graduate,Yes,Yes,1.20,7.05,0.47,90.11,0.00,38.11,6.97,"?23,545.56",3.50,Private Job,99.54,Pass,2025-06-19
STU-00023,20,Female,Computer Science,2,With Family,Graduate,Yes,Yes,3.87,7.12,,74.22,1.00,50.00,7.46,"?1,47,317.88",4.99,Higher Studies,100,Pass,2023-01-31
STU-00169,19,Male,Electronics,2,Hostel,Graduate,Yes,No,2.13,6.83,1.00,74.60,2.00,40.57,6.61,"?47,565.84",1.03,Higher Studies,95.75,Pass,2024-08-07
STU-00451,20,,Mechanical,1,With Family,Postgraduate,Yes,No,0.96,5.86,2.10,77.54,0.00,40.54,8.10,"?77,013.22",6.41,Undecided,96.29,Pass,2023-06-02
STU-00883,23,Male,Arts,1,With Family,Postgraduate,No,No,5.28,7.61,0.37,91.82,3.00,45.40,8.62,"?37,065.12",3.66,Higher Studies,100,Pass,2025-01-21
STU-00196,17,Male,Mechanical,3,Hostel,,Yes,Yes,6.25,6.21,4.31,,2.00,40.25,8.57,"?1,33,024.45",4.66,Higher Studies,100,Pass,2024-12-31
STU-01191,24,Female,Business Administration,3,Hostel,School,No,Yes,3.12,6.55,3.66,83.38,7.00,45.99,7.58,"?2,36,926.14",6.46,Higher Studies,90.36,Pass,2025-12-26
STU-00356,24,Female,Computer Science,1,Rented Accommodation,School,No,Yes,7.64,7.54,3.68,81.77,6.00,50.00,8.70,"?20,308.16",8.55,Private Job,100,Pass,2025-01-01
STU-00591,19,Male,Electronics,2,Hostel,Graduate,No,No,2.14,4.38,5.05,73.94,5.00,23.77,7.40,"?27,856.25",7.49,Higher Studies,73.48,Pass,2022-12-11
STU-00694,18,Female,Arts,4,Hostel,Postgraduate,Yes,No,2.04,8.38,0.17,78.01,0.00,44.56,7.86,"?73,200.61",2.86,Government Job,100,Pass,2023-11-21
STU-00434,21,Female,Civil,3,Hostel,,Yes,Yes,4.76,3.93,3.85,90.37,1.00,46.67,7.76,"?65,312.81",5.19,Private Job,100,Pass,2023-12-04
STU-00311,20,Male,Computer Science,4,Hostel,Graduate,Yes,No,6.06,7.11,0.52,93.55,2.00,47.30,7.58,"?1,53,633.48",3.77,Undecided,100,Pass,2023-10-03
STU-00090,22,Female,Mechanical,2,With Family,School,Yes,No,4.32,7.88,0.54,68.16,1.00,46.69,7.71,"?30,347.73",1.00,,100,Pass,2025-06-19
STU-01084,22,Male,Arts,3,With Family,School,Yes,No,2.26,8.26,5.97,83.87,1.00,48.71,8.20,"?63,431.02",3.42,Government Job,100,Pass,2024-10-28
STU-00168,,Male,Civil,4,With Family,Postgraduate,Yes,No,5.37,8.01,1.12,82.96,1.00,43.44,7.11,"?2,43,896.21",,Government Job,100,Pass,2026-02-03
STU-00415,23,Other,Computer Science,3,With Family,Graduate,Yes,No,2.58,7.28,3.61,62.45,6.00,41.25,6.51,"?99,716.75",5.52,Government Job,77.41,Pass,2024-07-07
STU-00817,22,Male,Electronics,2,Rented Accommodation,Graduate,Yes,No,3.43,7.67,4.27,85.85,1.00,45.47,7.40,"?55,825.38",4.85,Private Job,93.38,Pass,2024-11-22
STU-01096,18,Other,Electronics,1,Hostel,School,No,Yes,2.11,6.54,0.34,80.73,1.00,,8.40,"?21,642.37",4.82,Undecided,100,Pass,2024-08-18
STU-00610,21,Female,Electronics,2,Rented Accommodation,School,Yes,No,6.77,,0.32,100.00,5.00,,9.59,"?1,66,251.07",4.39,Government Job,100,Pass,2022-11-24
STU-00065,19,Female,Mechanical,4,Rented Accommodation,School,Yes,Yes,2.39,6.44,0.82,62.27,1.00,45.14,6.63,"?3,60,014.57",1.00,Private Job,100,Pass,2024-09-14
STU-00138,24,Female,Mechanical,4,With Family,School,Yes,Yes,2.11,8.22,3.01,67.49,1.00,43.43,5.88,"?63,186.00",1.06,Entrepreneurship,92.03,Pass,2023-11-15
STU-00586,21,Male,Computer Science,2,With Family,School,Yes,No,3.60,5.98,1.65,87.54,3.00,42.10,7.45,"?27,526.87",3.56,Private Job,96.89,Pass,2022-12-28
STU-01073,19,Female,Electronics,2,With Family,School,Yes,No,5.46,5.41,0.28,100.00,1.00,50.00,9.69,"?60,240.73",,Private Job,-5,Pass,2022-12-01
STU-00566,21,Male,Electronics,3,Rented Accommodation,No Formal Education,Yes,No,3.55,7.92,5.21,76.68,0.00,49.61,7.39,"?94,685.78",3.15,Private Job,100,Pass,2023-12-06
STU-00698,20,Male,,1,Hostel,Postgraduate,Yes,No,2.50,5.34,1.91,,2.00,40.15,6.51,"?2,21,119.09",5.22,Government Job,66.88,Pass,2025-09-03
STU-00861,17,Male,Mechanical,1,Hostel,School,No,No,2.55,4.96,5.64,58.28,3.00,37.66,6.72,"?1,70,029.58",7.52,Government Job,72.2,Pass,2025-03-28
STU-00383,17,Other,Mechanical,3,With Family,No Formal Education,Yes,Yes,2.52,6.70,1.39,76.34,0.00,46.14,7.50,"?69,003.05",3.41,Private Job,93.14,Pass,2022-12-19
STU-00862,23,Male,Mechanical,4,Hostel,Graduate,Yes,No,1.76,5.84,2.04,61.54,1.00,37.42,6.68,"?43,917.67",4.68,Government Job,88.09,Pass,2026-03-24
STU-01089,22,Female,Business Administration,1,Rented Accommodation,Graduate,Yes,No,3.96,7.83,5.11,100.00,0.00,,9.07,"?30,618.29",2.17,Undecided,100,Pass,2023-05-06
STU-00514,36,Male,Arts,1,Rented Accommodation,Graduate,Yes,No,1.78,5.46,5.30,76.81,1.00,50.00,6.02,"?27,465.59",,Higher Studies,83.07,Pass,2026-02-04
STU-00039,22,Male,Electronics,1,With Family,Graduate,Yes,No,2.11,7.03,3.25,64.43,1.00,46.75,7.33,"?1,49,367.82",3.04,Entrepreneurship,93.34,Pass,2024-07-24
STU-01156,21,Female,Mechanical,1,Rented Accommodation,School,Yes,No,5.32,4.91,4.23,92.55,1.00,41.31,7.70,"?2,11,503.17",4.98,Private Job,100,Pass,2025-01-16
STU-01155,22,Male,Computer Science,1,Rented Accommodation,Postgraduate,Yes,No,,8.18,2.52,95.16,1.00,43.87,6.79,"?1,29,072.12",2.61,Private Job,100,Pass,2025-09-02
STU-00982,17,Male,Mechanical,3,Hostel,School,Yes,No,2.37,5.49,0.92,67.15,1.00,,6.33,"?58,367.74",1.59,,100,Pass,2024-08-02
STU-00372,20,Female,Computer Science,3,With Family,School,Yes,No,7.43,6.42,0.94,,2.00,36.52,9.17,"?25,999.52",3.95,Private Job,100,Pass,2023-06-26
STU-00635,21,Female,Computer Science,4,Hostel,School,Yes,No,,8.14,1.48,73.43,1.00,46.81,7.66,"?44,476.07",5.72,Entrepreneurship,100,Pass,2025-07-14
STU-00843,23,Male,Computer Science,2,With Family,Graduate,Yes,No,4.37,9.15,7.27,66.76,2.00,48.86,7.46,"?36,614.96",6.75,Government Job,82.65,Pass,2025-12-18
STU-00109,22,Male,Civil,4,Rented Accommodation,Postgraduate,Yes,No,3.17,6.00,0.65,77.02,3.00,39.83,7.71,"?37,691.28",6.23,Government Job,100,Pass,2022-08-11
STU-00595,20,Male,Computer Science,3,Hostel,School,Yes,Yes,5.60,8.05,0.36,98.16,2.00,50.00,8.43,"?20,968.27",2.52,Undecided,100,Pass,2024-08-26
STU-00967,17,Male,Business Administration,3,With Family,Postgraduate,Yes,No,2.28,7.64,0.02,94.36,2.00,50.00,8.43,"?51,419.47",1.00,Government Job,100,Pass,2024-09-05
STU-00420,22,Male,Computer Science,1,With Family,School,Yes,Yes,1.99,8.62,,79.24,4.00,36.90,6.67,"?20,999.09",3.84,Private Job,80.49,Pass,2024-06-03
STU-00163,22,Female,Business Administration,1,With Family,School,Yes,Yes,3.95,7.30,4.07,78.09,4.00,38.97,6.48,"?15,682.28",6.26,Private Job,93.78,Pass,2025-08-22
STU-00180,25,Female,Mechanical,3,Hostel,Postgraduate,Yes,No,3.34,6.98,0.86,92.95,1.00,35.05,7.86,"?45,317.40",1.87,Government Job,100,Pass,2022-12-02
STU-00881,,Other,Civil,2,Rented Accommodation,Graduate,Yes,Yes,0.72,5.51,3.49,52.96,1.00,23.99,5.88,"?32,109.15",6.47,Private Job,55.94,Pass,2024-12-27
STU-00813,17,Female,Computer Science,1,Hostel,Graduate,Yes,No,5.82,5.79,0.34,95.54,0.00,48.22,7.43,"?1,67,842.33",1.81,Private Job,100,Pass,2025-07-08
STU-00607,20,Female,Computer Science,4,,No Formal Education,Yes,No,7.00,4.19,3.11,65.49,2.00,41.03,7.25,"?61,254.65",5.11,Private Job,94.92,Pass,2023-03-06
STU-00416,20,Male,Electronics,4,Hostel,Postgraduate,Yes,No,5.67,8.82,0.69,76.47,2.00,42.46,8.61,"?62,446.45",3.53,Private Job,100,Pass,2026-03-13
STU-01101,22,Male,Electronics,3,With Family,School,Yes,No,4.15,5.62,3.67,86.46,9.00,48.84,8.02,"?79,354.31",8.12,Private Job,100,Pass,2026-02-23
STU-00510,22,Female,Business Administration,4,Hostel,School,Yes,No,1.88,6.76,3.20,90.61,1.00,38.28,7.02,"?1,08,422.19",1.00,Private Job,100,Pass,2023-04-22
STU-00717,24,Male,Science,4,Hostel,School,Yes,No,3.13,7.40,1.53,85.57,2.00,49.16,7.12,"?33,603.51",4.54,Government Job,100,Pass,2023-11-06
STU-00892,19,Female,Arts,3,With Family,Graduate,Yes,Yes,15.20,5.69,1.60,100.00,2.00,50.00,10.00,"?46,007.26",5.18,Undecided,100,Pass,2025-10-27
STU-00748,21,Female,Science,1,With Family,Postgraduate,Yes,Yes,4.56,7.51,2.00,55.32,1.00,42.96,7.43,"?34,623.82",2.12,Private Job,100,Pass,2023-03-07
STU-01091,19,Male,Electronics,2,With Family,School,Yes,No,2.11,8.25,0.34,73.68,0.00,33.18,7.20,"?32,666.89",1.00,Undecided,100,Pass,2026-01-05
STU-00145,19,Male,Business Administration,1,With Family,Graduate,,No,3.07,6.25,0.23,100.00,1.00,50.00,8.30,"?14,386.24",3.35,Higher Studies,100,Pass,2022-10-07
STU-00476,19,Female,Electronics,3,With Family,Graduate,Yes,No,4.69,6.67,0.86,82.75,3.00,41.15,8.60,"?8,000.00",1.00,Private Job,100,Pass,2025-05-16
STU-00589,22,Male,Arts,1,Rented Accommodation,Postgraduate,Yes,No,0.95,,4.60,50.24,3.00,37.02,6.07,"?1,07,590.47",4.33,Entrepreneurship,69.54,Pass,2025-10-28
STU-00621,22,Male,Science,4,Rented Accommodation,Postgraduate,Yes,Yes,3.19,5.05,0.99,73.65,1.00,43.35,8.13,"?72,883.24",4.63,Private Job,100,Pass,2026-04-06
STU-00309,19,Female,Electronics,2,With Family,Postgraduate,Yes,Yes,1.88,6.37,1.35,100.00,1.00,49.93,7.31,"?80,147.16",4.24,Private Job,100,Pass,2025-08-29
STU-00401,17,Female,Science,1,With Family,School,Yes,No,8.63,5.86,5.16,74.35,3.00,50.00,7.27,,8.82,Higher Studies,100,Pass,2026-03-01
STU-00980,17,Male,Electronics,1,Rented Accommodation,Postgraduate,Yes,No,6.75,4.17,4.04,,2.00,50.00,7.58,"?42,053.80",4.18,Higher Studies,100,Pass,2022-10-22
STU-00304,24,Male,Business Administration,4,Rented Accommodation,School,No,No,3.34,7.09,2.14,89.13,1.00,,7.82,"?88,304.40",2.96,Undecided,100,Pass,2023-01-30
STU-00899,23,Male,Civil,4,Rented Accommodation,Postgraduate,Yes,No,1.96,7.19,,80.97,4.00,35.53,6.76,"?53,779.03",4.14,Entrepreneurship,86.29,Pass,2025-07-12
STU-00722,22,Female,Civil,3,Hostel,Postgraduate,Yes,Yes,6.85,7.39,0.61,76.92,3.00,44.26,8.80,"?53,153.47",4.56,Private Job,100,Pass,2024-11-08
STU-00501,25,Male,Business Administration,3,Hostel,Graduate,Yes,No,5.54,6.42,4.06,85.86,0.00,44.23,,"?1,19,552.00",3.00,,100,Pass,2024-05-01
STU-00940,17,,Electronics,4,With Family,School,Yes,No,3.51,8.00,1.60,68.26,0.00,44.11,6.16,"?23,054.13",2.28,Higher Studies,95.33,Pass,2023-01-25
STU-00197,17,Male,Civil,1,Hostel,Graduate,Yes,Yes,0.85,6.40,3.18,77.70,7.00,34.12,6.64,"?26,261.22",10.00,Private Job,62,Pass,2022-09-25
STU-00983,20,Male,Science,3,Hostel,School,Yes,No,5.62,8.40,5.61,75.33,1.00,50.00,7.15,,3.10,Undecided,93.62,Pass,2024-12-25
STU-00741,23,Male,Electronics,3,With Family,Graduate,Yes,Yes,2.33,7.21,3.92,81.07,1.00,35.58,7.05,"?71,747.06",3.84,Private Job,75.88,Pass,2024-10-25
STU-00249,20,Female,Arts,4,Hostel,School,Yes,No,3.18,7.56,1.22,80.78,0.00,39.10,8.50,"?33,248.20",2.71,Private Job,100,Pass,2025-08-02
STU-00923,26,Male,Computer Science,2,With Family,School,No,No,2.55,6.54,1.56,99.86,3.00,28.92,8.96,"?57,759.66",1.00,Government Job,100,Pass,2023-11-06
STU-00215,21,Male,Electronics,4,Hostel,Graduate,Yes,Yes,1.59,6.94,0.05,59.78,2.00,34.64,5.83,"?72,799.04",6.85,Government Job,73.68,Pass,2024-01-27
STU-00398,20,Female,,1,Hostel,Graduate,Yes,Yes,2.92,5.90,0.26,91.50,3.00,34.11,7.57,"?1,21,372.09",3.61,Private Job,83.44,Pass,2024-08-02
STU-00941,18,Male,Electronics,1,With Family,School,Yes,Yes,6.60,7.17,6.36,71.11,4.00,50.00,,"?21,937.23",7.57,Private Job,96.39,Pass,2023-07-17
STU-00327,18,Female,Science,3,Hostel,School,Yes,No,9.67,5.78,1.13,84.65,2.00,50.00,,"?70,026.11",3.90,Entrepreneurship,100,Pass,2024-07-20
STU-01086,20,Male,Mechanical,2,Hostel,No Formal Education,Yes,No,6.75,6.35,0.27,80.38,0.00,48.02,9.01,"?2,29,859.25",3.31,Private Job,100,Pass,2026-05-02
STU-00759,23,Male,,3,With Family,Graduate,Yes,Yes,5.18,6.15,4.38,81.27,1.00,42.28,8.25,"?1,35,243.55",3.74,Private Job,99.93,Pass,2023-11-21
STU-00179,21,Male,Electronics,2,Hostel,No Formal Education,Yes,No,1.74,5.26,3.77,68.91,0.00,38.25,6.30,"?62,530.98",1.31,Private Job,90.99,Pass,2023-03-05
STU-00633,,Female,Mechanical,2,Hostel,School,Yes,Yes,0.66,7.04,2.10,69.64,2.00,39.52,8.59,"?43,101.87",4.42,Private Job,83.95,Pass,2025-11-08
STU-00078,19,Male,Computer Science,2,Hostel,Graduate,Yes,Yes,1.54,6.48,1.63,78.24,0.00,36.57,6.18,"?81,245.19",1.02,Government Job,89.5,Pass,2026-05-28
STU-00402,18,Male,Business Administration,2,With Family,Graduate,Yes,No,2.76,6.56,0.00,75.19,1.00,34.86,6.36,"?25,901.09",4.18,Higher Studies,82.78,Pass,2025-04-19
STU-00673,19,Male,Electronics,1,Hostel,Postgraduate,Yes,No,2.66,7.42,1.60,77.38,2.00,42.06,8.24,,3.01,Private Job,93.25,Pass,2024-02-24
STU-00569,23,Female,Mechanical,3,Hostel,School,Yes,No,6.14,7.94,2.78,83.12,1.00,37.91,7.44,"?31,083.72",4.45,Government Job,92.94,Pass,2026-02-04
STU-00570,23,Male,Computer Science,3,Rented Accommodation,School,Yes,No,4.24,5.82,2.84,78.41,3.00,,6.79,"?59,577.96",3.64,Entrepreneurship,100,Pass,2024-04-23
STU-00132,18,Female,Science,4,Hostel,Graduate,Yes,No,0.88,6.52,3.55,87.67,5.00,40.64,6.72,"?35,901.27",3.49,Private Job,95.41,Pass,2024-06-12
STU-00957,19,Female,Arts,1,With Family,Graduate,Yes,No,6.83,3.92,1.06,87.41,0.00,50.00,8.96,"?1,17,811.43",2.00,Government Job,100,Pass,2023-08-12
STU-00646,18,Male,,1,Rented Accommodation,Graduate,Yes,No,6.07,7.49,0.77,80.87,0.00,50.00,9.37,"?76,760.01",1.00,Government Job,100,Pass,2024-02-08
STU-00885,25,Female,Electronics,3,With Family,Graduate,Yes,No,2.94,5.20,,86.20,0.00,48.97,6.52,"?35,789.22",4.50,Private Job,100,Pass,2022-07-07
STU-00382,18,Male,Science,2,With Family,No Formal Education,Yes,Yes,3.81,,0.37,,5.00,,7.86,"?26,430.08",2.53,Private Job,98.63,Pass,2024-05-08
STU-00600,23,Female,Arts,2,Hostel,Graduate,Yes,No,0.58,5.25,0.95,92.10,1.00,42.09,7.89,"?91,213.45",4.12,Undecided,89.16,Pass,2024-09-26
STU-00725,25,Male,Business Administration,3,Hostel,School,Yes,Yes,3.07,9.02,1.52,77.31,1.00,43.30,7.24,"?33,368.00",2.51,Government Job,96.88,Pass,2025-08-19
STU-01015,17,Male,Business Administration,4,Hostel,Graduate,Yes,No,4.72,5.43,1.24,73.29,3.00,43.04,7.74,"?20,172.42",3.07,Government Job,100,Pass,2025-02-05
STU-00266,19,Female,Computer Science,1,With Family,,Yes,No,1.93,,0.07,90.82,4.00,32.01,7.98,"?1,23,286.35",5.48,Undecided,99.12,Pass,2025-08-25
STU-00436,20,Female,Computer Science,1,With Family,Graduate,Yes,No,2.41,6.86,0.90,83.33,0.00,45.84,8.27,"?1,08,463.40",1.00,Private Job,100,Pass,2024-04-08
STU-00808,22,Female,Business Administration,3,Rented Accommodation,School,Yes,No,2.36,6.80,1.07,90.98,2.00,43.75,7.78,"?28,747.06",5.10,Private Job,100,Pass,2023-08-18
STU-00708,22,Male,Civil,4,With Family,Graduate,Yes,No,9.19,5.86,1.32,79.74,8.00,43.09,9.67,"?82,724.55",7.05,Private Job,100,Pass,2024-05-06
STU-00024,20,Male,Electronics,1,With Family,,Yes,No,0.59,5.82,1.91,60.61,0.00,39.39,5.22,"?67,799.56",4.58,Government Job,78.2,Pass,2022-09-27
STU-00583,20,Male,Civil,2,Rented Accommodation,No Formal Education,Yes,No,2.89,6.57,0.62,61.67,0.00,44.22,6.25,"?52,764.40",1.86,Undecided,89.97,Pass,2025-08-04
STU-01139,22,Female,Mechanical,4,Rented Accommodation,School,Yes,Yes,1.09,4.82,0.12,70.61,0.00,35.55,6.42,"?1,38,431.48",1.21,Higher Studies,92.65,Pass,2026-03-15
STU-00040,22,Male,Arts,2,Rented Accommodation,Graduate,Yes,No,2.00,7.53,3.20,78.87,1.00,,8.67,"?39,270.42",2.76,Private Job,87.58,Pass,2023-03-26
STU-00409,19,Female,Science,4,Rented Accommodation,School,Yes,No,3.30,5.13,2.04,71.39,0.00,44.19,7.41,"?5,00,000.00",2.67,Higher Studies,100,Pass,2026-06-14
STU-00113,21,Male,Electronics,4,Rented Accommodation,School,Yes,No,12.07,7.91,0.18,100.00,3.00,50.00,10.00,"?62,150.27",,Private Job,100,Pass,2022-07-04
STU-00264,22,Male,Computer Science,4,Hostel,School,Yes,No,5.91,5.93,1.54,79.95,5.00,50.00,8.18,"?1,76,037.13",5.85,Private Job,100,Pass,2024-03-27
STU-00944,21,Male,Computer Science,4,With Family,Postgraduate,Yes,No,3.04,6.65,0.26,91.28,2.00,40.23,8.52,"?61,410.24",3.54,Higher Studies,100,Pass,2022-07-26
STU-01043,20,Male,Computer Science,2,With Family,Postgraduate,Yes,No,1.59,9.02,0.90,75.93,9.00,24.58,5.79,"?1,16,728.34",4.42,Undecided,71.15,Pass,2022-12-11
STU-01113,19,Male,Business Administration,1,Hostel,School,No,No,1.75,5.31,0.11,79.39,2.00,50.00,6.99,"?26,458.33",1.49,Private Job,100,Pass,2023-06-18
STU-00381,23,Female,Electronics,3,,Graduate,Yes,No,1.58,7.18,,67.38,0.00,46.31,6.09,"?17,104.49",2.36,Private Job,85.41,Pass,2023-09-15
STU-01126,19,Male,Electronics,4,With Family,Postgraduate,Yes,No,1.24,6.50,2.07,87.05,0.00,38.37,6.86,"?33,314.89",6.03,Higher Studies,98.33,Pass,2023-01-02
STU-00693,20,Male,Mechanical,2,Hostel,Graduate,Yes,No,4.18,6.02,0.47,0.00,0.00,45.20,7.94,"?1,35,196.81",4.90,Undecided,100,Pass,2026-04-27
STU-00503,,Female,Arts,1,,Graduate,Yes,Yes,5.37,,3.44,75.34,1.00,43.98,7.96,"?49,058.57",6.27,Government Job,100,Pass,2023-09-06
STU-00245,18,Male,Science,4,With Family,School,Yes,No,2.73,5.56,0.47,90.89,1.00,36.14,8.57,"?27,529.84",1.00,Government Job,100,Pass,2022-09-14
STU-00333,21,Female,Science,3,Rented Accommodation,Graduate,Yes,No,3.63,5.87,1.73,87.75,1.00,41.46,7.38,"?95,131.90",2.12,Private Job,100,Pass,2023-07-27
STU-01059,22,Female,Electronics,3,Hostel,Graduate,No,No,1.18,6.57,1.27,71.92,2.00,36.90,6.41,"?33,763.92",3.68,Private Job,91.08,Pass,2026-06-02
STU-00056,20,Female,Civil,2,With Family,Graduate,Yes,No,4.25,4.74,2.71,81.87,0.00,50.00,,"?85,423.97",2.01,Government Job,100,Pass,2023-08-04
STU-00116,24,Male,Business Administration,4,With Family,Graduate,No,Yes,4.75,6.50,0.41,75.60,4.00,49.14,9.06,"?55,211.90",6.11,Private Job,100,Pass,2025-08-31
STU-01021,18,Male,Computer Science,3,With Family,Graduate,Yes,Yes,14.56,5.66,,98.89,2.00,50.00,10.00,"?63,817.26",4.93,Entrepreneurship,100,Pass,2022-10-27
STU-00953,22,Female,Computer Science,4,Rented Accommodation,Postgraduate,Yes,No,1.59,7.51,0.69,82.22,1.00,50.00,7.02,"?1,02,047.97",3.72,Entrepreneurship,94.34,Pass,2026-05-05
STU-01108,18,Female,Electronics,2,With Family,No Formal Education,Yes,No,3.88,9.10,3.05,71.82,4.00,38.48,6.65,"?66,448.87",6.37,Private Job,95.22,Pass,2024-08-10
STU-00334,18,Male,Computer Science,3,With Family,,Yes,No,3.80,7.53,3.15,85.75,4.00,41.91,7.70,"?1,01,254.83",4.13,Private Job,89.42,Pass,2026-03-14
STU-00868,24,Female,Mechanical,3,Hostel,School,Yes,No,4.67,7.33,0.81,82.85,2.00,50.00,7.15,"?81,829.71",4.98,Private Job,100,Pass,2025-09-29
STU-00663,21,Female,Science,1,With Family,School,No,No,1.08,6.16,2.34,77.91,1.00,30.39,6.14,"?62,205.67",3.59,Private Job,84.11,Pass,2026-02-19
STU-00455,23,Male,Science,2,Rented Accommodation,School,Yes,No,6.94,4.76,,84.46,3.00,47.23,7.71,,5.22,Private Job,100,Pass,2026-05-07
STU-00976,20,Male,Science,1,,Graduate,Yes,No,1.68,7.37,5.22,68.97,2.00,39.94,6.48,"?1,81,459.22",5.23,Private Job,81.24,Pass,2026-02-08
STU-01082,21,Female,Civil,2,Rented Accommodation,Graduate,Yes,No,11.13,6.79,0.59,96.18,2.00,50.00,10.00,"?57,589.65",,Undecided,100,Pass,2022-08-17
STU-00998,17,Male,Computer Science,4,Hostel,Graduate,Yes,No,6.70,7.77,,70.43,4.00,42.71,7.26,"?1,39,787.54",4.13,Private Job,100,Pass,2022-09-22
STU-00452,19,Male,Electronics,1,Rented Accommodation,Postgraduate,Yes,No,14.11,5.56,8.98,92.29,1.00,50.00,10.00,"?33,208.96",6.93,Higher Studies,100,Pass,2026-04-09
STU-00491,22,Female,Computer Science,3,With Family,Graduate,Yes,No,8.12,5.47,,85.64,2.00,50.00,8.79,"?1,11,391.40",5.92,Private Job,100,Pass,2023-10-03
STU-00034,23,Male,Civil,1,Rented Accommodation,School,Yes,No,2.59,5.34,1.45,61.58,0.00,36.37,7.28,"?1,74,274.22",4.14,Undecided,94.69,Pass,2026-04-11
STU-01095,19,Female,Business Administration,1,,School,Yes,No,2.44,7.48,0.66,74.15,2.00,43.31,7.18,"?56,034.76",2.45,Undecided,100,Pass,2023-05-18
STU-00496,17,Male,Computer Science,1,Hostel,Graduate,Yes,No,2.98,4.94,3.67,59.60,3.00,29.64,6.09,"?21,397.27",6.96,Private Job,68.75,Pass,2025-04-19
STU-00300,21,Female,Mechanical,1,With Family,Graduate,Yes,No,7.22,8.63,2.41,88.41,1.00,50.00,7.50,"?66,621.17",2.06,Private Job,100,Pass,2024-03-21
STU-00988,25,Female,Mechanical,1,With Family,School,Yes,No,,5.39,0.26,69.36,0.00,41.92,7.07,"?37,435.09",2.75,Private Job,100,Pass,2022-08-10
STU-01087,19,Female,Business Administration,1,With Family,School,Yes,No,4.79,8.57,4.14,77.24,0.00,46.69,7.29,"?1,34,816.50",6.14,Private Job,95.43,Pass,2025-10-16
STU-00051,24,Male,Computer Science,1,Rented Accommodation,School,Yes,No,5.69,7.99,0.82,95.03,0.00,50.00,,"?17,894.73",4.42,Entrepreneurship,100,Pass,2022-11-13
STU-00826,20,Female,Civil,3,Rented Accommodation,No Formal Education,No,No,4.23,7.30,1.63,54.72,0.00,37.63,6.08,"?18,867.37",2.48,Private Job,81.63,Pass,2022-11-04
STU-00801,23,Female,Electronics,3,Hostel,Postgraduate,Yes,No,2.25,7.91,4.20,,2.00,35.61,7.24,"?42,770.95",3.98,Undecided,71.02,Pass,2025-03-28
STU-00650,19,Male,Computer Science,2,With Family,Postgraduate,Yes,No,2.95,7.13,3.26,62.50,10.00,27.64,6.26,"?99,934.55",7.77,Private Job,51.92,Pass,2026-04-05
STU-00335,18,Male,Electronics,4,With Family,School,Yes,Yes,2.21,6.34,0.54,71.96,1.00,41.31,6.97,"?41,837.60",2.89,Government Job,97.08,Pass,2026-04-25
STU-00640,20,Male,Civil,4,Hostel,School,Yes,Yes,0.94,6.11,,49.43,1.00,33.73,4.78,"?71,085.22",6.73,Private Job,86.09,Pass,2022-11-01
STU-00594,19,Female,Mechanical,2,Rented Accommodation,Graduate,Yes,No,7.03,5.12,1.81,93.22,2.00,49.74,9.47,"?24,758.37",4.35,Entrepreneurship,100,Pass,2025-12-21
STU-00048,19,Female,Computer Science,3,Hostel,Graduate,Yes,No,2.94,7.49,1.43,85.43,3.00,36.08,8.46,"?1,35,746.59",3.92,Higher Studies,100,Pass,2024-11-23
STU-00914,21,Male,Mechanical,2,Hostel,School,No,No,1.79,,1.61,76.08,2.00,38.16,6.25,"?47,768.83",1.00,Entrepreneurship,91.23,Pass,2026-03-07
STU-00102,20,Male,Arts,2,Hostel,Postgraduate,Yes,No,2.83,6.30,0.39,98.74,3.00,40.41,8.62,"?23,37,304.00",1.75,Private Job,100,Pass,2025-02-16
STU-00546,21,Male,Civil,4,With Family,School,Yes,No,3.46,7.69,1.11,80.72,0.00,39.01,8.15,"?19,308.98",2.30,Higher Studies,100,Pass,2022-07-07
STU-01186,21,Male,Business Administration,1,Hostel,Postgraduate,Yes,No,6.43,5.65,0.25,78.18,3.00,43.45,7.73,"?1,75,535.51",6.65,Higher Studies,100,Pass,2023-08-06
STU-00362,19,Female,Business Administration,4,With Family,No Formal Education,Yes,No,0.48,8.24,0.88,95.72,1.00,50.00,8.27,"?18,400.07",1.22,Undecided,100,Pass,2025-01-16
STU-01036,18,Other,Science,2,Rented Accommodation,Graduate,Yes,No,3.41,6.49,0.94,73.05,4.00,33.00,7.36,"?20,023.77",6.01,Private Job,85.62,Pass,2022-09-07
STU-00560,21,Male,Electronics,3,Hostel,Postgraduate,Yes,Yes,3.26,7.68,0.23,,1.00,33.43,8.95,"?26,855.05",1.00,Entrepreneurship,100,Pass,2023-10-25
STU-00399,21,Female,Mechanical,3,With Family,No Formal Education,Yes,No,3.81,8.38,2.12,87.27,1.00,38.71,7.96,"?54,184.61",1.52,Private Job,92.16,Pass,2025-01-23
STU-00495,21,Female,Mechanical,2,With Family,School,Yes,No,5.00,7.24,2.81,73.59,0.00,47.01,8.17,"?60,860.71",5.50,Entrepreneurship,99.54,Pass,2025-08-16
STU-00263,17,Female,Computer Science,4,With Family,No Formal Education,Yes,No,2.69,6.83,0.87,84.07,1.00,34.98,7.62,"?18,994.23",2.58,Higher Studies,100,Pass,2026-01-27
STU-00079,23,Female,Science,2,With Family,Postgraduate,No,No,5.45,4.04,0.65,73.85,1.00,44.53,9.03,"?98,424.54",2.33,Private Job,100,Pass,2023-11-13
STU-00990,21,Male,Mechanical,1,Hostel,Postgraduate,Yes,Yes,7.82,7.46,,83.91,2.00,50.00,8.81,,1.00,Private Job,100,Pass,2023-06-25
STU-00660,22,Female,Computer Science,3,Hostel,Graduate,Yes,No,0.92,6.12,3.03,83.45,3.00,37.37,6.07,"?23,692.78",,,81.89,Pass,2025-10-13
STU-00030,21,Female,Mechanical,1,,Postgraduate,Yes,No,0.95,7.00,1.62,68.48,2.00,34.61,5.71,"?36,043.75",1.00,Entrepreneurship,82.26,Pass,2024-01-27
STU-00099,18,Female,Arts,4,With Family,Graduate,Yes,No,3.82,6.44,5.42,78.50,3.00,44.31,8.32,,,Higher Studies,100,Pass,2026-01-21
STU-00919,20,Female,Mechanical,2,Hostel,School,Yes,Yes,4.85,7.86,0.88,67.56,0.00,50.00,7.14,"?56,770.91",2.21,Private Job,100,Pass,2025-08-29
STU-00678,20,Male,Electronics,2,Hostel,Postgraduate,Yes,No,3.25,6.24,0.39,76.97,2.00,35.84,7.79,"?36,588.99",1.96,Private Job,93.61,Pass,2026-05-18
STU-00217,19,Female,Electronics,2,With Family,School,Yes,Yes,4.50,6.17,7.24,100.00,0.00,50.00,8.38,"?31,822.27",4.94,Government Job,100,Pass,2023-11-17
STU-00778,43,Male,Computer Science,3,With Family,Graduate,Yes,No,2.16,7.45,1.83,65.15,0.00,34.17,7.33,"?1,52,606.67",4.80,Private Job,80.32,Pass,2026-05-10
STU-01145,19,Female,Business Administration,1,With Family,No Formal Education,Yes,No,2.94,7.77,0.56,91.73,1.00,44.65,6.61,"?1,37,465.72",4.00,Entrepreneurship,100,Pass,2024-02-15
STU-00525,22,Male,Electronics,2,With Family,No Formal Education,Yes,No,8.71,5.24,0.04,80.13,9.00,50.00,8.50,,7.97,Entrepreneurship,100,Pass,2023-09-29
STU-00140,17,Male,,2,Rented Accommodation,School,Yes,No,1.93,5.56,1.82,63.82,2.00,31.82,5.96,"?81,820.64",2.13,Higher Studies,65.8,Pass,2026-01-25
STU-00806,19,Female,Civil,1,With Family,Graduate,Yes,No,4.90,6.84,,75.62,1.00,50.00,7.15,"?48,061.99",4.04,Private Job,100,Pass,2023-10-15
STU-00103,22,Male,Business Administration,2,Hostel,Graduate,Yes,No,1.35,7.38,1.47,66.19,7.00,31.50,5.81,"?58,715.85",3.96,Government Job,77.4,Pass,2024-12-18
STU-00818,21,,Civil,3,With Family,Postgraduate,Yes,No,,6.90,0.93,83.91,7.00,36.89,9.49,"?66,101.45",7.80,Government Job,98.16,Pass,2023-04-11
STU-00354,22,Male,Business Administration,2,Rented Accommodation,Graduate,Yes,No,5.10,8.52,6.02,66.21,3.00,47.61,4.99,"?9,046.01",3.81,Undecided,82.7,Pass,2025-02-22
STU-00373,20,Female,Arts,4,Rented Accommodation,Graduate,Yes,No,5.39,6.66,3.63,66.18,2.00,39.84,7.95,"?30,785.83",1.49,Entrepreneurship,99.88,Pass,2023-12-27
STU-00593,23,Female,Arts,1,Hostel,Graduate,Yes,No,5.82,,,77.01,4.00,42.26,8.02,,3.84,Higher Studies,100,Pass,2024-12-13
STU-00336,20,Female,Civil,2,Hostel,Graduate,Yes,No,5.48,6.74,0.53,,3.00,47.13,7.74,"?12,229.69",3.96,Higher Studies,100,Pass,2025-05-11
STU-00297,21,Male,Computer Science,2,Hostel,Postgraduate,Yes,No,5.25,6.47,1.27,95.61,6.00,43.10,8.24,"?32,457.11",4.96,Government Job,100,Pass,2023-05-17
STU-00422,24,Female,Computer Science,3,With Family,School,Yes,No,3.88,5.51,0.33,84.50,0.00,44.74,6.48,"?1,43,194.97",2.66,Undecided,100,Pass,2023-11-21
STU-01136,18,Female,Computer Science,4,With Family,Graduate,Yes,No,1.34,6.49,1.17,69.42,0.00,36.14,5.93,"?26,937.09",2.85,Private Job,99.67,Pass,2022-08-23
STU-00348,20,Female,,1,With Family,Graduate,Yes,No,1.57,7.51,2.10,78.36,5.00,31.93,6.63,"?1,00,031.34",4.89,Private Job,71.51,Pass,2026-03-25
STU-00123,19,Female,Mechanical,4,Rented Accommodation,No Formal Education,Yes,No,3.26,6.72,,85.50,4.00,41.73,7.29,"?41,402.86",4.70,Higher Studies,99.78,Pass,2022-12-20
STU-00504,18,Female,Electronics,3,Hostel,School,No,No,2.11,8.79,0.69,,1.00,28.52,6.41,"?75,483.77",2.60,Private Job,83.65,Pass,2023-02-01
STU-00047,25,Male,Mechanical,3,With Family,School,Yes,Yes,3.06,6.95,0.33,50.94,0.00,36.73,,"?57,545.15",2.78,Higher Studies,72.63,Pass,2026-03-17
STU-00924,22,Female,Arts,1,With Family,Postgraduate,Yes,No,3.09,7.18,0.78,100.00,0.00,41.63,7.28,"?1,22,700.05",1.83,Government Job,100,Pass,2025-10-01
STU-00850,23,Male,Business Administration,2,Hostel,Graduate,Yes,Yes,2.92,7.28,0.56,83.49,2.00,46.40,8.49,"?93,192.03",3.17,Private Job,100,Pass,2022-10-15
STU-00978,21,Female,Mechanical,2,Hostel,No Formal Education,No,No,1.70,7.31,0.19,85.21,3.00,49.33,8.12,"?31,266.01",4.71,Undecided,99.9,Pass,2024-09-09
STU-00989,18,Male,Business Administration,2,With Family,School,No,No,4.00,7.58,0.04,56.22,1.00,46.18,6.79,"?1,18,416.59",2.64,Higher Studies,93.43,Pass,2022-07-18
STU-00439,19,Female,Science,4,Hostel,School,Yes,No,6.05,6.56,0.02,75.65,0.00,50.00,8.26,"?32,366.95",3.37,Private Job,100,Pass,2023-11-28
STU-00178,20,Male,Civil,1,,School,Yes,Yes,8.27,7.37,3.18,85.73,1.00,50.00,8.75,"?54,472.95",2.92,Government Job,100,Pass,2022-09-06
STU-00637,20,Male,Civil,3,With Family,Graduate,Yes,No,4.74,6.02,1.38,95.70,2.00,45.37,10.00,"?19,267.94",4.55,Government Job,100,Pass,2024-01-22
STU-00393,17,Male,Mechanical,2,Rented Accommodation,No Formal Education,No,No,2.34,5.94,0.51,84.68,1.00,40.56,8.14,"?1,86,856.57",4.04,Private Job,100,Pass,2024-07-23
STU-00446,21,Male,Business Administration,3,Hostel,Postgraduate,No,Yes,1.79,8.17,1.13,,0.00,32.02,5.54,"?1,10,447.99",1.00,Government Job,81.35,Pass,2024-02-11
STU-01016,21,Male,Science,4,Hostel,,Yes,Yes,3.63,9.36,0.83,86.49,2.00,49.09,9.54,"?39,142.69",2.44,Private Job,100,Pass,2025-01-22
STU-01050,18,Female,Business Administration,2,Hostel,Graduate,No,No,1.46,6.33,0.80,87.15,3.00,32.30,7.84,"?42,491.77",2.84,Undecided,89.69,Pass,2025-10-25
STU-00219,17,,Business Administration,3,Rented Accommodation,Postgraduate,Yes,Yes,17.13,7.22,0.06,100.00,3.00,50.00,10.00,"?1,29,370.12",4.05,Undecided,-10,Pass,2026-05-16
STU-01180,20,Female,Computer Science,2,With Family,Postgraduate,Yes,No,4.25,7.52,1.37,83.64,0.00,45.93,8.71,"?59,141.22",1.37,Private Job,100,Pass,2024-11-05
STU-00465,20,Male,Computer Science,4,Hostel,School,Yes,No,3.49,7.90,,78.97,3.00,43.43,7.46,"?1,11,486.10",4.24,,96.18,Pass,2025-05-09
STU-01197,22,Female,Computer Science,1,Rented Accommodation,School,Yes,No,2.94,,2.17,76.91,0.00,,7.14,"?66,011.48",1.34,Private Job,97.58,Pass,2022-12-18
STU-01177,21,Female,Business Administration,3,With Family,,Yes,No,4.42,9.21,3.40,70.77,5.00,42.89,7.82,,5.54,Private Job,100,Pass,2022-09-05
STU-00929,19,Male,Arts,2,Rented Accommodation,School,Yes,Yes,6.67,7.79,3.38,66.67,0.00,50.00,7.29,"?17,165.97",3.88,Private Job,100,Pass,2024-01-06
STU-00260,17,Male,Electronics,2,With Family,Graduate,Yes,No,3.07,8.28,0.23,85.69,4.00,42.72,8.12,"?71,989.95",5.23,Higher Studies,90.96,Pass,2026-05-22
STU-00644,20,Female,Science,3,Hostel,School,Yes,No,1.49,6.11,0.58,74.88,3.00,45.34,,"?37,278.31",6.57,Government Job,96.14,Pass,2024-05-18
STU-00392,17,Male,Computer Science,1,With Family,Graduate,Yes,No,2.31,8.05,0.73,77.27,0.00,50.00,6.36,"?24,095.28",1.00,Private Job,100,Pass,2026-03-29
STU-00596,18,Male,Science,2,Hostel,Postgraduate,Yes,No,3.92,6.58,1.08,87.28,2.00,46.83,8.20,,3.39,Private Job,100,Pass,2022-08-01
STU-00622,20,Male,Arts,1,Hostel,School,Yes,Yes,2.47,8.76,1.28,79.30,3.00,36.64,7.86,"?54,709.40",3.83,Private Job,85.79,Pass,2025-01-01
STU-01159,19,Female,Science,3,Hostel,Postgraduate,No,No,1.52,7.40,0.92,53.77,0.00,33.38,6.99,"?36,170.12",1.00,Higher Studies,84.43,Pass,2025-09-23
STU-00005,22,Male,Electronics,1,With Family,Graduate,Yes,No,1.16,7.21,5.27,68.63,2.00,46.56,7.22,"?18,999.45",4.89,Private Job,75.75,Pass,2025-10-27
STU-00127,21,Female,Mechanical,1,With Family,School,Yes,No,4.31,5.34,2.87,69.04,5.00,45.61,7.77,"?61,144.18",8.00,Private Job,94.49,Pass,2024-02-06
STU-00524,21,Female,Computer Science,2,Rented Accommodation,School,Yes,No,3.15,4.76,1.06,75.61,2.00,42.59,8.14,"?60,346.18",3.02,Private Job,82.96,Pass,2024-03-15
STU-00028,23,Female,,3,With Family,,Yes,No,4.40,6.40,0.42,66.20,4.00,50.00,7.45,"?39,825.26",2.67,Undecided,98.97,Pass,2022-08-09
STU-01125,22,Female,Electronics,4,Hostel,No Formal Education,Yes,No,2.24,7.98,4.36,,0.00,43.32,6.73,"?47,480.51",1.00,Higher Studies,83.21,Pass,2023-03-22
STU-01042,22,Male,Civil,1,With Family,Graduate,Yes,No,3.69,6.76,0.88,76.43,3.00,45.29,7.73,"?46,776.98",3.98,Government Job,100,Pass,2026-03-29
STU-00331,19,Male,Civil,3,With Family,Graduate,Yes,No,4.44,9.95,1.41,83.94,4.00,41.54,8.41,"?18,134.61",,Private Job,100,Pass,2025-10-06
STU-00326,20,Male,Electronics,3,Hostel,Graduate,Yes,Yes,2.88,6.05,0.30,79.75,2.00,43.52,6.92,"?57,856.27",4.00,Entrepreneurship,87.1,Pass,2025-02-26
STU-00103,22,Male,Business Administration,2,Hostel,Graduate,Yes,No,1.35,7.38,1.47,66.19,7.00,31.50,5.81,"?58,715.85",3.96,Government Job,77.4,Pass,2024-12-18
STU-00800,20,Male,Arts,3,Rented Accommodation,Graduate,Yes,No,3.11,6.18,3.96,63.09,0.00,30.14,5.23,"?1,25,214.30",2.20,Private Job,81.36,Pass,2024-07-12
STU-00945,20,Male,Electronics,3,With Family,Graduate,Yes,Yes,2.44,9.01,0.01,82.16,3.00,50.00,6.34,"?81,089.86",2.93,Private Job,92.44,Pass,2023-11-04
STU-00372,20,Female,Computer Science,3,With Family,School,Yes,No,7.43,6.42,0.94,,2.00,36.52,9.17,"?25,999.52",3.95,Private Job,100,Pass,2023-06-26
STU-00563,17,Male,Electronics,3,Rented Accommodation,School,Yes,No,4.08,7.35,,79.62,2.00,50.00,6.57,"?1,03,263.44",1.80,Private Job,100,Pass,2025-08-13
STU-00481,18,Male,Electronics,1,Rented Accommodation,Graduate,Yes,No,1.15,5.62,0.25,86.32,3.00,29.15,8.21,,7.14,Entrepreneurship,88.18,Pass,2024-07-25
STU-00608,25,Male,Civil,1,Hostel,School,Yes,No,6.61,7.23,2.53,89.67,1.00,49.49,8.83,"?68,785.60",3.07,Private Job,100,Pass,2025-05-01
STU-00785,23,Male,Electronics,3,Rented Accommodation,Graduate,Yes,No,6.80,5.92,2.33,93.60,4.00,50.00,8.86,"?3,70,954.39",,Government Job,100,Pass,2024-02-03
STU-00208,22,Other,Computer Science,1,Hostel,Graduate,Yes,Yes,5.29,8.34,0.81,94.01,3.00,44.35,8.02,"?1,01,867.86",2.61,Private Job,100,Pass,2026-01-15
STU-00677,21,Female,Electronics,2,With Family,Graduate,Yes,No,0.90,9.78,0.73,76.66,0.00,40.66,6.45,"?62,702.65",3.54,Undecided,87.33,Pass,2025-08-07
STU-00667,17,Female,Civil,3,With Family,School,Yes,No,3.03,7.24,1.75,83.99,11.00,41.40,7.09,"?1,98,194.62",,Private Job,99.72,Pass,2024-04-14
STU-00355,22,Female,Business Administration,3,Hostel,Graduate,Yes,No,0.95,9.47,2.86,77.60,0.00,50.00,7.14,"?72,716.96",1.00,Government Job,94.03,Pass,2025-03-28
STU-00361,25,Male,Arts,1,With Family,School,Yes,No,3.10,8.13,3.43,72.00,13.00,28.95,8.35,"?13,658.63",8.63,Private Job,69.19,Pass,2022-07-09
STU-00369,18,Female,Arts,3,Hostel,School,Yes,No,1.36,4.70,0.31,69.56,1.00,34.73,7.77,"?42,357.19",5.59,Government Job,100,Pass,2022-11-15
STU-00062,18,,Mechanical,3,Rented Accommodation,School,Yes,No,3.11,6.79,0.12,80.99,0.00,49.77,8.25,"?89,419.06",1.00,Private Job,99.21,Pass,2022-07-12
STU-00938,20,Female,Computer Science,1,Rented Accommodation,Postgraduate,Yes,No,4.51,7.40,1.34,76.44,0.00,50.00,7.38,"?67,793.23",2.92,Higher Studies,100,Pass,2025-07-07
STU-00781,21,,Arts,1,Hostel,School,No,No,0.81,7.69,1.87,71.56,4.00,37.58,6.09,"?46,341.93",6.31,Higher Studies,73.51,Pass,2024-09-12
STU-00536,21,Female,Electronics,2,Rented Accommodation,Postgraduate,No,Yes,7.43,6.57,5.13,60.07,3.00,50.00,7.87,"?25,172.14",6.33,Undecided,89.9,Pass,2026-01-01
STU-00428,18,Male,Business Administration,4,Hostel,Graduate,Yes,No,12.31,7.44,4.13,86.62,0.00,50.00,10.00,"?1,04,016.72",1.31,Government Job,100,Pass,2025-11-16
STU-00666,20,Female,Arts,2,Hostel,Postgraduate,Yes,Yes,4.40,8.62,3.30,86.51,3.00,50.00,8.36,"?1,85,792.04",6.14,Higher Studies,100,Pass,2026-06-15
STU-00033,22,Male,,1,Hostel,Graduate,Yes,No,4.10,5.46,3.35,81.38,6.00,47.14,6.90,"?1,24,146.05",8.32,Private Job,88.06,Pass,2024-03-02
STU-01162,20,Female,Business Administration,2,With Family,Graduate,Yes,No,4.00,7.37,6.85,,1.00,35.08,6.81,"?1,68,548.19",8.44,Government Job,87.6,Pass,2023-01-16
STU-01067,20,Male,Computer Science,1,With Family,Postgraduate,Yes,No,2.38,8.96,1.37,63.42,2.00,39.45,7.18,"?82,611.14",2.76,Government Job,81.36,Pass,2025-11-30
STU-01138,22,Male,Business Administration,3,With Family,Postgraduate,Yes,Yes,2.29,5.66,0.10,63.49,1.00,33.16,6.76,"?43,133.15",2.40,Private Job,100,Pass,2022-11-27
STU-00568,23,Male,Science,4,Hostel,School,Yes,No,4.26,8.32,0.59,76.91,2.00,43.92,7.85,"?98,392.06",2.17,Entrepreneurship,91.65,Pass,2023-10-26
STU-01080,20,Male,Civil,3,Hostel,School,No,No,5.88,6.46,2.46,,1.00,42.53,8.31,,4.32,Undecided,76.94,Pass,2026-02-20
STU-00458,20,Female,Computer Science,4,With Family,No Formal Education,Yes,No,3.06,6.89,2.55,78.02,0.00,43.20,7.92,"?34,596.73",1.00,Entrepreneurship,100,Pass,2023-01-04
STU-00590,19,Male,Science,2,With Family,Graduate,Yes,No,4.85,9.42,3.91,76.03,0.00,46.73,7.78,"?1,49,399.26",3.80,Private Job,100,Pass,2022-10-18
STU-01003,21,Female,Civil,2,Hostel,School,Yes,No,3.04,8.09,5.93,64.48,1.00,39.11,7.65,"?8,800.79",6.68,Government Job,89.34,Pass,2023-12-02
STU-00261,21,Female,Computer Science,3,With Family,School,Yes,No,2.27,8.56,0.70,97.53,9.00,48.65,8.04,"?24,787.60",6.23,Government Job,94.76,Pass,2024-03-01
STU-00934,20,Male,Civil,1,Hostel,No Formal Education,Yes,No,3.20,7.58,5.28,49.70,1.00,35.36,7.44,"?48,475.11",4.17,,79.76,Pass,2022-08-03
STU-01168,21,Male,Electronics,2,With Family,Graduate,Yes,Yes,2.27,9.10,3.50,73.78,0.00,50.00,7.37,"?1,17,763.22",1.00,Private Job,100,Pass,2022-09-22
STU-00837,18,Female,Electronics,4,With Family,School,Yes,Yes,1.98,9.48,0.75,64.24,3.00,35.27,6.49,"?54,545.77",3.88,Higher Studies,89.84,Pass,2026-05-09
STU-00466,24,Female,Arts,3,With Family,School,Yes,Yes,1.40,7.00,0.71,76.86,1.00,43.33,6.38,"?35,686.59",1.49,Private Job,99.07,Pass,2025-11-03
STU-00960,18,Female,Civil,4,Hostel,School,Yes,No,15.07,7.99,2.15,79.79,1.00,50.00,10.00,"?29,858.20",5.06,Private Job,100,Pass,2025-03-01
STU-00766,20,Female,Civil,4,Hostel,Graduate,No,No,7.71,5.08,2.89,90.17,2.00,49.38,7.91,"?26,210.10",4.65,Undecided,100,Pass,2025-11-30
STU-00294,19,Female,Arts,4,Rented Accommodation,Graduate,No,No,6.07,5.98,0.56,77.18,4.00,46.21,,"?71,612.23",2.52,Private Job,100,Pass,2024-04-06
STU-00758,19,Female,Business Administration,4,With Family,School,Yes,No,20.00,6.16,7.49,74.80,4.00,44.74,7.14,"?78,363.93",,Private Job,87.82,Pass,2023-10-16
STU-00873,17,Female,Mechanical,2,With Family,Graduate,Yes,No,3.15,6.55,0.63,81.58,1.00,50.00,7.09,"?29,797.58",3.15,Private Job,100,Pass,2023-02-28
STU-00088,20,Male,Business Administration,2,With Family,Graduate,No,Yes,10.71,,1.18,100.00,4.00,50.00,9.05,"?1,53,637.23",9.07,Private Job,100,Pass,2026-01-14
STU-00567,23,Male,Computer Science,2,With Family,Graduate,Yes,Yes,2.58,8.53,,82.09,8.00,33.79,6.74,"?48,983.59",5.10,Government Job,68.55,Pass,2023-09-08
STU-00552,17,Female,,3,With Family,Graduate,No,No,3.11,7.37,1.17,100.00,2.00,45.49,8.42,"?31,704.99",4.01,Private Job,100,Pass,2024-08-11
STU-00368,22,Male,Electronics,2,With Family,School,Yes,No,13.80,7.24,0.99,81.16,2.00,50.00,10.00,"?49,107.75",4.32,Undecided,100,Pass,2022-07-15
STU-00325,20,Female,Computer Science,1,With Family,School,Yes,Yes,3.34,8.46,,91.33,1.00,47.90,8.19,"?64,676.02",3.72,Private Job,100,Pass,2023-12-29
STU-00977,20,Male,Civil,2,With Family,School,Yes,Yes,5.44,6.96,1.02,78.47,4.00,48.03,7.88,,6.44,Private Job,100,Pass,2025-11-09
STU-01044,19,Female,Business Administration,2,With Family,School,Yes,No,6.79,,1.82,78.72,0.00,42.10,7.70,"?73,834.66",1.16,Government Job,100,Pass,2026-05-25
STU-00077,20,Female,Civil,2,Rented Accommodation,School,Yes,No,6.55,7.17,0.60,73.43,6.00,32.64,8.76,"?76,466.55",5.32,Undecided,100,Pass,2023-04-01
STU-01061,24,Male,Civil,4,Hostel,Graduate,Yes,Yes,1.69,6.77,1.62,64.10,3.00,35.89,7.44,"?37,805.13",5.04,Higher Studies,92.56,Pass,2024-08-23
STU-00302,18,Male,Civil,1,With Family,Graduate,Yes,No,3.87,7.56,0.92,79.96,1.00,46.54,7.77,"?29,829.41",3.69,Undecided,100,Pass,2024-01-21
STU-00027,19,Male,Mechanical,2,With Family,School,Yes,Yes,,6.59,2.01,76.89,1.00,38.62,7.69,"?1,49,588.41",1.52,Higher Studies,91.67,Pass,2024-04-03
STU-00532,22,Male,Science,3,,Postgraduate,Yes,No,2.64,5.75,2.00,51.50,0.00,34.21,6.61,"?96,733.15",1.92,Higher Studies,71.96,Pass,2025-11-28
STU-00097,20,Female,Electronics,2,Hostel,Graduate,Yes,Yes,3.93,8.71,1.05,60.29,2.00,34.97,5.53,"?39,994.60",5.56,Private Job,80.06,Pass,2024-04-12
STU-00238,22,Female,Mechanical,3,Hostel,School,Yes,Yes,5.33,8.06,0.57,62.07,0.00,,8.76,"?25,530.65",3.43,Private Job,100,Pass,2024-09-22
STU-00765,21,Female,Business Administration,1,Rented Accommodation,Graduate,Yes,No,2.08,5.71,6.26,62.75,8.00,30.64,6.11,"?62,544.11",8.00,Undecided,64.18,Pass,2024-10-23
STU-01184,20,Male,Arts,4,Hostel,Postgraduate,Yes,No,5.37,5.88,0.12,97.60,3.00,36.33,8.54,"?9,323.30",2.43,Government Job,99.98,Pass,2026-04-23
STU-00656,19,Female,Electronics,3,Hostel,Postgraduate,Yes,No,1.05,8.49,1.38,78.60,2.00,32.37,5.65,"?54,731.03",4.68,Private Job,91.81,Pass,2023-09-06
STU-00939,20,Female,Computer Science,3,Rented Accommodation,School,Yes,No,1.99,7.08,,85.32,5.00,26.98,6.49,"?77,737.71",6.71,Government Job,75.91,Pass,2022-11-02
STU-01154,19,,Business Administration,4,With Family,School,Yes,Yes,3.80,7.64,0.04,,0.00,46.69,9.49,"?44,759.91",2.39,Government Job,100,Pass,2025-09-13
STU-00026,24,Male,Mechanical,2,With Family,Graduate,Yes,No,3.16,6.98,0.52,175.00,2.00,41.58,8.55,"?82,014.44",5.43,Private Job,93.09,Pass,2024-02-05
STU-00214,18,Male,Electronics,4,Rented Accommodation,Graduate,Yes,No,4.85,7.13,2.56,80.82,1.00,44.55,8.05,"?2,61,541.81",3.95,Government Job,95.96,Pass,2024-09-09
STU-01147,21,Female,Electronics,1,With Family,Graduate,Yes,No,1.09,7.12,5.30,55.93,1.00,25.66,5.81,"?32,896.96",4.39,Private Job,67.82,Pass,2025-04-20
STU-00134,17,Male,Computer Science,4,With Family,No Formal Education,Yes,No,4.20,5.59,0.08,77.69,6.00,50.00,7.12,"?42,834.99",6.61,Higher Studies,100,Pass,2026-01-19
STU-00548,23,Female,Civil,1,Rented Accommodation,School,Yes,No,5.77,5.75,0.56,85.25,1.00,43.64,8.17,"?88,224.43",2.28,Private Job,100,Pass,2025-10-03
STU-01164,17,Male,Civil,2,With Family,School,Yes,Yes,5.00,8.43,0.31,88.63,1.00,50.00,,"?46,874.59",1.68,Private Job,100,Pass,2024-06-24
STU-00397,20,Male,Mechanical,1,With Family,School,Yes,Yes,1.34,5.85,1.35,62.87,2.00,35.80,6.37,"?1,31,083.30",5.06,Higher Studies,88.04,Pass,2022-10-29
STU-00561,27,Female,Arts,1,With Family,,No,No,2.01,5.12,4.51,84.49,0.00,33.70,7.56,"?44,072.53",5.02,Private Job,96.8,Pass,2023-12-05
STU-00315,21,Female,Computer Science,4,Hostel,School,No,No,4.71,5.97,0.25,100.00,2.00,41.89,8.30,"?1,08,084.22",4.01,Higher Studies,100,Pass,2025-12-08
STU-00406,21,Male,Business Administration,2,Hostel,Graduate,Yes,No,4.25,6.40,0.08,,2.00,45.77,8.35,"?47,856.83",2.30,Government Job,84.07,Pass,2023-06-08
STU-00289,21,Female,Mechanical,1,With Family,Graduate,Yes,Yes,9.24,8.47,0.36,76.83,1.00,50.00,9.83,"?76,114.48",1.71,Entrepreneurship,100,Pass,2025-05-15
STU-00234,24,Male,Electronics,1,Hostel,,Yes,No,7.16,8.16,2.41,75.99,2.00,50.00,6.06,"?53,773.06",4.07,Higher Studies,100,Pass,2024-09-04
STU-01092,21,Female,Arts,2,Hostel,No Formal Education,Yes,No,3.05,7.25,1.83,83.65,1.00,50.00,5.80,"?35,463.37",3.06,Undecided,100,Pass,2023-06-26
STU-00137,22,Female,Mechanical,3,Rented Accommodation,Graduate,Yes,No,2.85,6.56,1.67,98.59,3.00,48.34,8.63,,,Private Job,100,Pass,2025-11-17
STU-00704,22,Male,Electronics,3,Hostel,Postgraduate,Yes,No,4.32,,4.62,73.00,5.00,38.47,7.51,"?19,122.84",6.37,Undecided,82.72,Pass,2025-04-10
STU-00177,23,Male,Computer Science,4,,Postgraduate,Yes,No,2.48,7.15,3.16,57.96,6.00,32.86,5.93,"?41,236.73",7.40,Private Job,73.8,Pass,2026-03-03
STU-00400,19,Male,Civil,2,With Family,Postgraduate,Yes,No,3.17,6.73,0.19,93.54,7.00,44.93,8.58,"?1,53,714.26",6.32,Private Job,100,Pass,2025-09-22
STU-00471,23,Female,Mechanical,1,With Family,No Formal Education,Yes,No,4.56,7.65,4.83,77.83,3.00,46.24,7.23,"?51,485.12",6.68,Private Job,100,Pass,2023-01-12
STU-00153,20,Female,Mechanical,1,Hostel,Postgraduate,Yes,Yes,7.80,7.18,2.79,,1.00,50.00,9.70,"?28,160.59",3.09,Private Job,100,Pass,2024-10-14
STU-00305,21,Female,Mechanical,2,With Family,Graduate,Yes,No,3.08,8.55,1.72,68.12,3.00,22.88,,"?99,617.05",2.15,Private Job,83.93,Pass,2024-02-11
STU-00895,23,Male,Computer Science,1,With Family,,Yes,No,1.54,6.70,0.84,84.43,3.00,41.06,7.59,"?36,460.17",4.22,Private Job,96.13,Pass,2025-04-17
STU-00461,25,Female,Civil,4,With Family,Postgraduate,Yes,No,2.33,7.72,0.52,100.00,1.00,42.08,10.00,"?71,554.97",1.15,Private Job,100,Pass,2024-12-10
STU-00317,,,Mechanical,2,Rented Accommodation,Graduate,Yes,No,3.48,,0.80,78.79,3.00,50.00,,"?2,71,040.53",4.87,Private Job,100,Pass,2024-06-21
STU-01076,17,Female,,4,With Family,No Formal Education,Yes,No,5.10,7.97,3.05,100.00,0.00,44.93,,"?2,29,068.24",3.18,Higher Studies,100,Pass,2025-01-03
STU-00602,20,Male,Business Administration,4,With Family,School,Yes,No,3.71,4.74,0.28,62.25,1.00,50.00,8.95,"?45,485.14",1.66,Undecided,89.86,Pass,2026-03-30
STU-00211,20,Female,Business Administration,1,With Family,Graduate,Yes,Yes,4.82,,0.67,100.00,1.00,48.27,7.22,,3.84,Private Job,100,Pass,2024-10-23
STU-01024,24,Female,Civil,4,Hostel,School,Yes,No,17.06,5.14,0.23,,8.00,50.00,10.00,"?53,648.91",6.76,Higher Studies,100,Pass,2026-02-11
STU-00597,22,Male,Business Administration,1,Hostel,Graduate,Yes,Yes,6.10,7.67,3.38,92.23,5.00,44.36,7.40,"?48,041.81",,Undecided,100,Pass,2023-01-19
STU-01062,21,Male,Mechanical,3,Rented Accommodation,School,Yes,No,4.45,5.79,1.27,93.55,0.00,50.00,6.96,"?15,739.02",5.48,Private Job,100,Pass,2024-08-20
STU-01169,17,Female,Computer Science,4,Hostel,Graduate,No,No,3.22,6.43,4.78,76.35,1.00,26.07,6.43,"?19,972.69",4.54,Entrepreneurship,83.88,Pass,2025-09-05
STU-00933,20,Female,Computer Science,3,Hostel,Graduate,No,Yes,3.37,5.90,5.50,64.06,6.00,32.37,5.73,"?44,658.83",9.89,Private Job,70.9,Pass,2023-10-13
STU-00146,24,Male,Civil,4,Rented Accommodation,Graduate,Yes,Yes,2.45,7.75,0.04,81.04,7.00,38.58,7.61,"?1,78,757.52",3.99,Higher Studies,92.79,Pass,2022-12-18
STU-00226,20,Female,Electronics,4,With Family,Graduate,No,No,3.29,8.64,4.91,48.49,5.00,36.39,5.25,"?43,655.86",5.42,Higher Studies,70.42,Pass,2024-01-02
STU-00705,20,Female,Electronics,2,Hostel,School,Yes,No,2.19,5.01,2.01,93.88,1.00,34.46,8.87,"?36,005.82",3.41,Undecided,90.84,Pass,2025-05-15
STU-00516,19,Male,Science,2,Hostel,Graduate,Yes,No,2.90,6.36,2.34,,4.00,48.51,5.86,"?33,746.23",7.51,Higher Studies,83.04,Pass,2026-02-20
STU-00550,17,Male,Business Administration,1,Hostel,Postgraduate,Yes,Yes,5.03,4.41,0.60,97.00,3.00,50.00,8.81,"?1,40,987.30",4.22,Government Job,100,Pass,2023-10-12
STU-00096,25,Male,Electronics,2,Hostel,Postgraduate,Yes,Yes,1.71,6.16,0.15,,2.00,43.52,7.59,"?62,711.91",1.26,Private Job,95.37,Pass,2023-04-24
STU-00577,48,Female,Mechanical,1,Hostel,School,Yes,No,0.92,7.81,0.79,65.04,2.00,31.70,5.76,"?75,909.08",1.37,Private Job,89.99,Pass,2025-07-07
STU-00915,20,Male,Business Administration,4,Hostel,Graduate,Yes,No,4.63,8.58,0.93,74.37,4.00,50.00,6.59,"?84,908.73",4.94,Private Job,95.37,Pass,2022-09-16
STU-00036,22,Female,Science,4,Hostel,Postgraduate,No,Yes,1.32,6.43,0.98,73.94,1.00,,5.89,"?23,920.13",3.63,Undecided,83.46,Pass,2025-09-08
STU-00014,20,Female,Electronics,1,With Family,Postgraduate,Yes,No,4.15,7.34,5.92,73.44,0.00,50.00,7.35,"?40,898.57",6.11,Private Job,100,Pass,2025-09-22
STU-00118,22,Male,,2,Rented Accommodation,School,Yes,No,5.16,5.59,0.41,65.83,1.00,50.00,7.44,"?18,545.99",4.20,Government Job,100,Pass,2023-09-24
STU-00025,22,Male,Business Administration,2,Hostel,,Yes,No,1.27,8.11,0.01,76.61,3.00,41.95,7.34,"?1,06,169.99",4.31,Undecided,-5,Pass,2025-10-30
STU-00015,21,Female,Electronics,3,,Postgraduate,Yes,No,3.48,6.71,4.16,71.25,3.00,35.84,7.36,"?49,340.01",5.80,Private Job,100,Pass,2024-04-19
STU-00733,20,Female,Mechanical,1,,Graduate,Yes,No,0.80,6.00,0.80,79.39,10.00,27.56,7.55,"?23,461.87",10.00,Private Job,76.68,Pass,2023-01-19
STU-00931,21,Male,Business Administration,1,Rented Accommodation,School,Yes,No,1.86,4.43,2.03,69.10,2.00,29.72,7.47,"?1,69,496.46",6.28,Undecided,84.76,Pass,2023-10-28
STU-01017,17,Male,Arts,4,Hostel,School,Yes,No,2.02,7.74,2.27,69.85,5.00,39.06,6.13,,6.90,Higher Studies,83.99,Pass,2025-02-21
STU-00089,19,Female,Computer Science,3,Rented Accommodation,School,Yes,No,4.10,,2.40,83.49,7.00,30.48,5.75,"?20,945.54",5.84,Government Job,75.14,Pass,2022-07-03
STU-01109,24,Male,Civil,1,With Family,School,Yes,No,2.82,6.80,3.45,76.35,0.00,40.98,6.39,"?54,482.60",2.67,Private Job,100,Pass,2026-04-20
STU-00624,21,Male,Business Administration,2,Hostel,Graduate,Yes,No,7.15,6.43,1.06,88.81,1.00,50.00,8.62,"?1,21,831.21",4.28,Private Job,100,Pass,2025-03-14
STU-00463,18,Male,Computer Science,3,Hostel,School,Yes,No,4.88,6.07,1.96,69.78,1.00,50.00,6.87,"?25,611.91",2.77,Private Job,100,Pass,2022-11-10
STU-00631,21,Female,Civil,1,Rented Accommodation,Graduate,Yes,No,0.73,8.72,7.29,82.14,1.00,44.49,6.95,"?89,988.36",7.49,Private Job,77.35,Pass,2026-05-24
STU-01194,19,Male,Mechanical,1,Hostel,No Formal Education,Yes,Yes,3.49,6.32,4.55,57.48,1.00,50.00,6.64,"?52,721.51",6.92,Higher Studies,81.64,Pass,2025-04-19
STU-00509,22,Female,Mechanical,1,With Family,Graduate,Yes,Yes,6.13,6.80,1.35,69.61,2.00,48.64,7.68,"?44,961.35",1.89,Government Job,100,Pass,2023-08-18
STU-00755,24,Male,Arts,1,,Graduate,Yes,No,3.03,8.11,0.61,79.10,3.00,,6.16,"?67,979.98",2.89,Government Job,94.37,Pass,2025-02-02
STU-00702,20,Male,Business Administration,3,With Family,Graduate,Yes,No,5.38,5.78,0.86,75.54,0.00,44.25,9.22,"?33,887.76",,Government Job,100,Pass,2025-09-02
STU-00187,22,Female,Mechanical,3,With Family,Postgraduate,Yes,No,3.53,4.80,0.86,82.39,3.00,42.14,9.55,"?70,084.24",3.85,Private Job,86.57,Pass,2022-08-01
STU-00777,18,Male,Arts,4,Hostel,School,Yes,Yes,,5.61,3.31,100.00,0.00,46.55,8.15,"?89,145.71",2.69,Private Job,100,Pass,2022-12-29
STU-00414,20,Female,Civil,1,Rented Accommodation,Graduate,Yes,No,2.85,,3.97,86.43,0.00,45.41,8.62,"?20,365.27",2.17,Private Job,94.59,Pass,2022-09-17
STU-00529,24,Male,Science,3,Rented Accommodation,School,Yes,No,1.78,6.63,0.28,,1.00,44.14,7.32,"?1,78,694.36",2.93,Higher Studies,97.85,Pass,2026-03-16
STU-00205,21,Female,Computer Science,2,Hostel,School,Yes,Yes,1.37,7.48,1.13,83.85,5.00,29.65,8.37,"?17,890.82",7.75,Private Job,96.11,Pass,2024-01-08
STU-00657,18,Female,Electronics,4,With Family,Postgraduate,No,No,2.33,5.81,0.46,63.17,2.00,38.02,6.15,"?55,605.81",4.41,Private Job,71.43,Pass,2026-02-01
STU-00528,20,Male,Business Administration,4,With Family,Graduate,Yes,No,2.03,7.45,3.07,61.53,0.00,28.07,7.11,"?64,109.68",2.65,Private Job,74.91,Pass,2024-02-09
STU-00265,21,Female,Electronics,1,Hostel,Graduate,Yes,No,3.65,6.66,2.93,52.28,1.00,36.58,6.42,,3.32,Undecided,75.01,Pass,2022-09-13
STU-00068,21,Male,Business Administration,2,With Family,Graduate,No,No,1.19,5.58,5.44,84.84,1.00,39.15,5.63,"?20,664.93",7.19,Government Job,78.68,Pass,2026-06-17
STU-00654,21,Female,Mechanical,3,Hostel,Graduate,Yes,Yes,5.52,6.85,0.83,100.00,2.00,48.20,8.85,"?44,725.17",3.46,Private Job,100,Pass,2023-01-24
STU-00540,21,Female,Arts,2,With Family,School,Yes,No,7.39,5.86,22.00,100.00,2.00,50.00,9.12,"?1,03,312.46",,Private Job,100,Pass,2025-11-10
STU-00209,22,Female,Civil,2,With Family,Graduate,Yes,No,3.85,4.92,0.96,77.24,1.00,41.89,7.85,"?1,77,239.67",1.16,Private Job,89.76,Pass,2022-12-07
STU-00190,22,Female,Computer Science,2,With Family,Graduate,Yes,No,2.75,,1.10,84.59,1.00,41.65,7.67,"?51,686.77",2.50,Private Job,100,Pass,2024-08-10
STU-00363,19,Male,Mechanical,2,Hostel,School,Yes,No,5.49,4.84,1.14,76.31,2.00,50.00,7.54,"?20,004.75",4.13,Private Job,100,Pass,2023-04-10
STU-00443,22,Male,Business Administration,4,With Family,School,No,Yes,1.33,7.08,0.52,,0.00,39.19,5.89,"?82,320.15",1.89,Higher Studies,87.67,Pass,2026-03-20
STU-00278,23,Male,Science,1,With Family,Graduate,Yes,No,1.70,6.43,3.94,89.83,3.00,47.54,7.90,"?1,12,457.47",4.04,Government Job,100,Pass,2024-08-02
STU-00986,18,Male,Science,1,Rented Accommodation,Graduate,No,No,4.14,5.47,0.41,92.13,0.00,32.94,7.52,"?45,780.18",3.55,Private Job,100,Pass,2023-08-02
STU-00949,20,Female,Civil,1,Hostel,Postgraduate,Yes,No,3.29,5.60,0.24,66.15,0.00,43.25,7.39,"?2,10,270.44",1.00,Private Job,98.44,Pass,2025-07-11
STU-00724,19,Male,Electronics,3,With Family,Graduate,Yes,No,0.98,7.12,2.92,71.18,4.00,25.36,6.76,"?50,128.43",7.55,Undecided,69.23,Pass,2023-12-06
STU-01054,22,Female,Business Administration,4,With Family,Graduate,Yes,No,1.26,8.93,2.40,80.22,0.00,33.76,7.07,"?1,90,148.02",1.75,Private Job,73.07,Pass,2024-11-18
STU-00295,22,Male,Computer Science,3,With Family,Postgraduate,Yes,No,0.78,6.96,2.47,56.40,4.00,29.83,5.59,"?50,030.59",5.43,Higher Studies,61.27,Pass,2025-02-27
STU-00542,18,Male,Computer Science,1,Hostel,Graduate,Yes,No,2.32,5.98,,82.12,0.00,34.20,6.92,"?99,579.55",3.29,Undecided,92.25,Pass,2024-12-12
STU-00019,20,Male,Mechanical,2,With Family,School,Yes,No,,7.85,0.72,88.68,2.00,35.76,8.79,"?60,218.73",1.04,Private Job,100,Pass,2024-03-25
STU-00075,23,Male,Electronics,4,With Family,Graduate,Yes,Yes,0.72,8.92,0.02,75.99,1.00,33.49,8.32,"?26,229.04",2.59,Higher Studies,80.72,Pass,2023-11-20
STU-00092,17,Female,Computer Science,2,Hostel,School,Yes,No,,7.20,1.67,66.10,6.00,50.00,6.02,"?78,779.69",7.89,Government Job,81.49,Pass,2025-06-19
STU-00737,23,Female,Science,2,Hostel,Postgraduate,Yes,No,5.35,7.52,3.58,72.58,7.00,39.31,8.12,"?1,23,792.26",8.48,Private Job,91.28,Pass,2024-02-06
STU-00779,21,Female,Business Administration,2,With Family,School,Yes,Yes,1.71,7.25,0.01,79.27,1.00,39.71,6.05,"?64,450.36",4.49,Private Job,96.36,Pass,2025-06-04
STU-00358,21,Female,Arts,1,With Family,School,Yes,No,4.47,5.55,0.83,86.49,1.00,45.20,8.62,"?1,25,738.86",1.77,Government Job,100,Pass,2023-10-27
STU-00864,21,Male,Computer Science,2,Hostel,Postgraduate,,No,18.00,5.80,0.57,97.93,0.00,50.00,9.17,,4.29,Government Job,100,Pass,2023-04-11
STU-01010,19,Male,Mechanical,2,Rented Accommodation,No Formal Education,Yes,No,4.44,5.10,4.17,100.00,1.00,50.00,8.08,,1.34,Private Job,100,Pass,2024-03-09
STU-00936,21,Male,Science,1,Hostel,School,Yes,No,1.57,8.77,2.86,57.94,3.00,21.63,4.46,"?54,907.45",6.31,Private Job,33.34,Fail,2023-02-17
STU-01150,20,Female,Civil,1,Hostel,Postgraduate,Yes,No,3.57,7.26,3.01,78.59,3.00,49.11,7.25,,3.82,Government Job,87.49,Pass,2024-04-13
STU-00615,20,Male,Arts,1,With Family,Postgraduate,Yes,No,1.88,6.55,0.52,76.23,6.00,34.19,6.89,"?48,816.86",6.52,Higher Studies,88.11,Pass,2023-04-15
STU-00380,22,Female,Mechanical,1,Hostel,School,Yes,Yes,3.18,7.80,,59.47,4.00,42.51,7.41,"?32,902.05",2.73,Government Job,98.76,Pass,2024-05-06
STU-00306,24,Male,Civil,3,With Family,School,Yes,No,4.32,5.82,1.16,69.15,0.00,,7.43,"?29,827.00",1.35,Government Job,97.09,Pass,2026-01-23
STU-00480,22,Male,Civil,4,With Family,Graduate,Yes,No,1.03,8.11,1.16,77.70,2.00,42.18,5.72,"?70,469.53",1.11,Private Job,84.02,Pass,2024-07-11
STU-00648,20,Female,Business Administration,3,Rented Accommodation,Graduate,No,No,4.52,9.63,0.19,74.67,2.00,46.26,9.08,"?15,518.57",2.01,Private Job,100,Pass,2026-03-10
STU-00709,25,Male,Business Administration,1,With Family,School,Yes,No,7.63,7.78,2.22,68.92,1.00,47.01,7.65,"?49,335.29",3.09,Private Job,100,Pass,2023-12-14
STU-00050,27,Female,Computer Science,2,With Family,Graduate,Yes,No,3.67,7.43,1.39,85.64,3.00,48.56,8.72,"?50,575.21",7.53,Private Job,100,Pass,2023-08-03
STU-01116,19,Female,Science,2,Hostel,School,No,Yes,4.98,7.01,4.78,41.08,0.00,41.81,6.66,"?71,233.06",3.20,Government Job,100,Pass,2022-09-27
STU-00351,18,Female,Mechanical,2,With Family,Postgraduate,No,No,6.04,6.45,0.55,83.76,1.00,46.20,8.17,"?30,153.89",2.51,Government Job,100,Pass,2023-03-25
STU-00159,22,Female,Electronics,3,Rented Accommodation,School,Yes,Yes,5.94,6.63,0.16,76.01,1.00,50.00,10.00,"?1,47,670.29",1.41,Private Job,100,Pass,2024-07-28
STU-00474,23,Female,Business Administration,2,With Family,Graduate,No,No,1.57,5.65,1.43,63.67,0.00,42.98,7.23,"?26,862.03",1.00,Private Job,86.59,Pass,2024-05-30
STU-00627,21,Female,Business Administration,1,With Family,Graduate,Yes,No,3.24,4.78,1.18,72.17,0.00,34.47,7.82,"?36,974.41",2.58,Entrepreneurship,100,Pass,2024-09-08
STU-01053,21,Male,Science,2,Rented Accommodation,Graduate,Yes,Yes,3.88,4.95,1.21,68.95,3.00,38.83,6.38,"?30,468.46",3.73,Government Job,86.88,Pass,2023-12-13
STU-00754,18,Female,Computer Science,2,Rented Accommodation,Graduate,Yes,No,,7.24,1.25,87.98,0.00,,7.51,"?1,08,129.31",2.13,Higher Studies,92.95,Pass,2024-01-11
STU-00959,21,Female,Science,2,Hostel,No Formal Education,Yes,Yes,1.37,8.19,6.30,73.70,0.00,40.41,,"?31,341.64",1.67,Higher Studies,94.45,Pass,2022-12-17
STU-00825,20,Female,Electronics,2,Hostel,Postgraduate,Yes,No,2.98,4.65,1.65,62.71,0.00,46.66,6.61,"?1,03,468.62",3.50,Private Job,83.61,Pass,2025-07-14
STU-00703,19,Male,Civil,3,Rented Accommodation,School,Yes,Yes,1.50,8.08,0.14,79.67,1.00,39.86,6.72,"?27,650.02",2.99,,87.94,Pass,2025-08-02
STU-01189,20,Female,Mechanical,1,Hostel,School,Yes,Yes,2.90,7.18,6.08,65.25,1.00,33.49,5.86,"?33,660.76",4.00,Private Job,73.51,Pass,2025-09-05
STU-00616,21,Male,Electronics,4,Rented Accommodation,School,Yes,No,2.49,8.53,,75.94,4.00,37.88,6.59,"?75,134.67",3.90,Government Job,84.24,Pass,2023-05-23
STU-00220,18,Male,Science,4,Hostel,No Formal Education,Yes,Yes,4.94,8.22,1.07,67.74,0.00,40.62,7.36,"?1,57,925.92",1.00,Higher Studies,92.33,Pass,2024-10-27
STU-00442,21,Female,Computer Science,1,Hostel,School,Yes,No,6.04,7.77,0.09,68.57,1.00,42.42,7.56,"?66,557.54",4.03,Higher Studies,99.18,Pass,2024-09-28
STU-00860,22,Female,Electronics,2,With Family,School,Yes,Yes,4.95,,,84.44,0.00,,8.00,"?2,24,491.74",1.82,Private Job,100,Pass,2026-06-14
STU-00469,18,Male,Computer Science,3,Hostel,School,Yes,Yes,2.04,8.19,0.80,73.46,0.00,41.31,7.39,"?17,778.85",2.44,Undecided,96.47,Pass,2024-10-27
STU-00303,23,Male,Science,2,With Family,No Formal Education,Yes,No,5.74,7.64,3.87,98.04,2.00,50.00,7.77,"?22,424.16",4.60,Undecided,100,Pass,2022-08-06
STU-00292,19,Male,Computer Science,1,Hostel,Graduate,Yes,No,2.11,5.81,0.96,77.78,0.00,40.11,6.71,"?74,079.97",1.30,Government Job,94.68,Pass,2022-07-29
STU-00310,18,Male,,2,Hostel,Graduate,Yes,No,4.43,9.17,0.46,70.00,2.00,47.03,7.99,"?49,372.25",5.32,Undecided,100,Pass,2026-04-25
STU-00585,19,Male,Science,2,With Family,School,Yes,No,6.89,5.08,0.88,81.98,5.00,39.85,8.42,"?35,415.00",5.72,Government Job,100,Pass,2023-09-17
STU-00453,18,Male,Mechanical,4,Rented Accommodation,,Yes,No,0.88,7.09,1.67,55.87,1.00,36.29,5.98,"?38,843.66",3.47,Government Job,82.17,Pass,2026-01-07
STU-00198,21,Male,Science,2,With Family,Graduate,Yes,No,2.87,6.81,0.89,88.59,2.00,39.05,7.32,"?65,971.58",1.90,Higher Studies,100,Pass,2023-07-03
STU-00489,19,Male,Civil,1,With Family,Graduate,No,No,5.81,7.07,2.20,,5.00,46.55,7.88,"?1,55,764.28",5.62,Entrepreneurship,94.39,Pass,2024-12-13
STU-00556,19,Female,Electronics,2,Hostel,Graduate,Yes,Yes,1.06,0.50,0.75,75.03,2.00,36.65,7.39,"?1,89,845.72",5.78,Government Job,75.91,Pass,2023-11-09
STU-00169,19,Male,Electronics,2,Hostel,Graduate,Yes,No,2.13,6.83,1.00,74.60,2.00,40.57,6.61,"?47,565.84",1.03,Higher Studies,95.75,Pass,2024-08-07
STU-00854,19,Female,Arts,2,,Postgraduate,Yes,No,3.16,5.43,0.04,93.14,3.00,48.82,7.46,"?99,494.94",3.17,Higher Studies,100,Pass,2023-04-26
STU-00201,21,Male,Science,1,Rented Accommodation,Postgraduate,Yes,No,1.59,,0.73,61.72,5.00,27.14,5.32,"?1,09,512.22",2.72,Private Job,57.68,Pass,2025-12-12
STU-01041,20,Female,Mechanical,3,Rented Accommodation,Graduate,Yes,No,0.83,7.09,1.09,83.47,2.00,34.66,8.14,"?1,35,699.95",3.71,Private Job,80.06,Pass,2024-04-09
STU-01090,18,Male,Science,3,Hostel,Graduate,Yes,No,3.93,7.33,1.18,71.25,1.00,34.19,6.98,"?54,302.36",4.32,Undecided,87.93,Pass,2022-10-02
STU-01158,21,Male,Civil,2,Hostel,School,Yes,No,5.16,6.53,4.52,84.25,0.00,50.00,8.32,"?78,547.32",7.08,Private Job,100,Pass,2024-02-28
STU-01120,19,Female,Computer Science,1,Hostel,School,Yes,No,3.59,8.17,1.37,,0.00,49.62,7.04,"?37,152.74",2.62,Higher Studies,100,Pass,2023-10-02
STU-00053,19,Male,Computer Science,1,Hostel,Graduate,Yes,Yes,6.87,5.41,0.38,100.00,0.00,50.00,10.00,"?22,468.24",2.51,,100,Pass,2022-07-11
STU-00886,17,Male,Mechanical,4,With Family,No Formal Education,Yes,No,3.52,1.00,0.14,94.15,2.00,50.00,8.37,"?77,494.21",4.60,Private Job,100,Pass,2022-11-06
STU-00482,21,Female,Civil,4,With Family,Graduate,Yes,Yes,2.39,7.47,6.72,74.44,4.00,38.69,6.69,"?22,621.12",9.58,Government Job,62.97,Pass,2024-07-21
STU-01093,18,Female,Computer Science,1,Rented Accommodation,Graduate,Yes,No,2.41,5.59,3.40,80.51,3.00,50.00,7.04,"?97,144.88",3.00,Government Job,97.03,Pass,2026-04-01
STU-00901,23,Male,Business Administration,4,Rented Accommodation,Graduate,Yes,No,,7.28,0.40,67.14,2.00,39.16,6.73,"?43,160.54",1.00,Higher Studies,100,Pass,2026-06-20
STU-00910,23,Female,Science,4,Hostel,No Formal Education,Yes,Yes,5.31,5.43,0.07,76.76,4.00,45.92,8.05,"?30,975.87",4.66,Undecided,100,Pass,2023-09-21
STU-01070,17,Male,Computer Science,2,With Family,School,Yes,No,3.67,5.36,3.17,79.48,2.00,32.50,7.29,"?30,600.48",,Government Job,89.86,Pass,2022-08-20
STU-00805,22,Male,Computer Science,3,Hostel,Postgraduate,No,No,2.87,5.42,0.58,72.80,1.00,42.37,,"?19,617.85",1.46,Higher Studies,100,Pass,2024-05-28
STU-01176,21,Female,Computer Science,3,With Family,School,Yes,No,3.46,7.04,1.58,90.49,3.00,43.91,8.36,"?1,19,798.26",2.31,Government Job,100,Pass,2025-01-02
STU-00619,18,,Business Administration,3,Rented Accommodation,No Formal Education,Yes,No,3.18,5.30,0.81,96.15,0.00,40.10,8.68,"?2,07,001.93",3.21,Higher Studies,100,Pass,2024-01-09
STU-00628,19,Female,Mechanical,4,Hostel,Graduate,Yes,No,2.42,6.68,0.75,87.59,0.00,50.00,6.99,"?42,922.37",4.76,Undecided,99.76,Pass,2023-07-22
STU-00557,22,Female,Science,4,,Postgraduate,Yes,No,3.71,7.36,0.98,78.19,6.00,30.16,6.64,"?1,47,619.50",9.03,Higher Studies,78.69,Pass,2022-07-23
STU-00714,19,Female,Business Administration,3,Rented Accommodation,No Formal Education,No,Yes,8.21,6.39,0.01,,5.00,50.00,10.00,"?19,489.35",6.51,Higher Studies,100,Pass,2022-07-31
STU-00917,20,Male,Electronics,1,With Family,Graduate,Yes,No,1.14,8.07,0.05,100.00,2.00,46.92,9.72,"?33,773.10",1.00,Entrepreneurship,100,Pass,2023-07-16
STU-00235,25,Male,Electronics,3,Hostel,School,Yes,Yes,5.50,8.25,0.51,88.90,4.00,49.47,9.06,"?45,231.87",3.75,Government Job,100,Pass,2026-03-28
STU-00753,,Male,Mechanical,2,Rented Accommodation,School,Yes,Yes,0.41,7.40,,,1.00,41.75,8.26,"?32,638.15",1.00,Government Job,100,Pass,2026-03-15
STU-00408,24,Male,Arts,3,With Family,School,Yes,No,4.56,7.82,2.77,75.12,7.00,33.28,7.56,"?80,710.78",10.00,Private Job,79.94,Pass,2023-02-13
STU-00507,23,Female,Mechanical,2,Hostel,Graduate,Yes,Yes,,5.31,0.29,81.71,2.00,,8.46,"?37,124.99",2.83,Private Job,100,Pass,2023-12-05
STU-00947,20,Female,Science,1,With Family,Graduate,Yes,No,1.94,6.67,0.31,90.05,3.00,,6.63,"?99,742.76",6.38,Undecided,95.81,Pass,2024-12-04
STU-00723,19,Female,Civil,2,With Family,School,Yes,Yes,1.79,6.32,0.98,65.09,1.00,37.70,6.13,"?1,92,468.06",3.10,Entrepreneurship,94.25,Pass,2026-03-04
STU-00787,20,Male,Computer Science,3,With Family,Graduate,Yes,No,0.92,4.40,0.15,56.85,5.00,49.15,6.44,"?53,249.26",3.72,Higher Studies,94.27,Pass,2025-01-02
STU-00652,17,Female,Science,1,Hostel,School,Yes,No,4.51,5.93,1.45,60.91,1.00,38.72,7.25,"?75,291.73",4.10,Private Job,99.75,Pass,2024-09-05
STU-00272,24,Male,Computer Science,1,Hostel,Graduate,Yes,No,0.68,5.44,3.69,79.54,0.00,42.50,7.68,"?66,403.60",5.22,Higher Studies,91.14,Pass,2022-07-03
STU-00029,18,Male,Mechanical,4,,,Yes,No,5.12,5.42,4.88,69.73,2.00,,6.93,"?65,882.11",5.19,Private Job,95.85,Pass,2022-09-12
STU-00952,19,Female,Computer Science,4,Rented Accommodation,School,Yes,No,1.38,6.09,2.18,63.51,3.00,31.93,6.27,"?61,308.58",3.41,Private Job,83.39,Pass,2024-07-26
STU-00810,20,Female,Mechanical,3,Hostel,Graduate,Yes,Yes,1.85,7.90,0.37,88.39,3.00,40.54,7.56,"?21,89,226.00",3.41,Private Job,87.28,Pass,2023-04-03
STU-01060,18,Female,Civil,1,Rented Accommodation,School,Yes,No,1.69,6.76,3.61,54.39,0.00,40.39,5.78,"?42,562.43",3.71,,83.12,Pass,2026-02-03
STU-00775,23,Male,Mechanical,3,Rented Accommodation,School,No,No,2.28,6.28,0.89,94.19,0.00,41.50,9.45,"?39,978.24",1.00,Private Job,96.8,Pass,2022-09-10
STU-00375,22,Female,Computer Science,3,Hostel,Graduate,Yes,No,3.03,8.31,3.91,74.56,3.00,39.78,5.96,"?1,01,105.93",4.58,Higher Studies,67.29,Pass,2023-08-20
STU-00344,21,Female,Business Administration,2,Rented Accommodation,Graduate,Yes,No,3.01,3.87,1.41,82.29,3.00,39.84,6.62,"?1,44,018.82",6.79,Private Job,87.98,Pass,2024-12-23
STU-00413,25,Other,Mechanical,1,With Family,Graduate,No,No,3.38,5.91,3.16,62.61,0.00,37.19,7.57,"?1,74,255.88",4.16,Entrepreneurship,90.48,Pass,2024-10-17
STU-00645,19,Male,Mechanical,2,With Family,School,Yes,No,1.29,7.34,3.60,75.41,5.00,36.08,,"?47,606.60",7.53,Private Job,91.32,Pass,2024-02-25
STU-00573,20,Female,Civil,1,Rented Accommodation,Graduate,Yes,No,2.36,5.26,1.44,98.86,4.00,44.52,7.16,,1.99,Undecided,100,Pass,2023-08-25
STU-00750,19,Male,Arts,3,Hostel,School,Yes,Yes,0.74,4.78,3.46,90.00,2.00,40.89,9.40,"?81,380.08",5.33,Private Job,100,Pass,2026-02-19
STU-00255,21,Female,Arts,3,With Family,School,Yes,No,1.28,5.79,0.91,85.31,7.00,33.09,7.23,"?45,526.23",8.21,Private Job,87.73,Pass,2024-04-15
STU-00161,22,Female,Mechanical,1,Rented Accommodation,School,Yes,Yes,2.31,8.28,1.82,79.08,2.00,31.11,6.53,"?1,25,875.67",2.75,Private Job,85.98,Pass,2025-11-18
STU-00386,21,Female,Civil,4,With Family,,Yes,No,5.70,6.53,1.29,84.23,3.00,48.26,8.84,"?68,282.31",2.39,Private Job,100,Pass,2024-08-04
STU-00972,23,Female,Electronics,3,Hostel,Postgraduate,Yes,Yes,4.04,7.08,,87.74,7.00,34.32,6.99,"?1,76,008.05",5.07,Private Job,100,Pass,2024-05-30
STU-01157,19,Male,Civil,4,With Family,Graduate,Yes,No,2.07,7.26,0.22,83.47,5.00,25.86,,"?1,14,101.96",5.04,Higher Studies,73.46,Pass,2025-10-18
STU-01121,22,Female,Arts,2,With Family,School,Yes,No,3.03,7.08,1.84,80.86,0.00,47.39,5.93,"?36,759.52",1.60,Higher Studies,93.68,Pass,2024-10-28
STU-00101,17,Male,Science,4,Hostel,School,Yes,No,4.87,6.28,2.15,87.55,10.00,42.33,10.00,"?1,10,634.48",9.86,Entrepreneurship,100,Pass,2025-01-03
STU-00246,22,Male,Electronics,3,Hostel,School,Yes,Yes,2.68,6.06,4.43,68.46,6.00,48.13,6.25,"?37,091.44",8.08,Private Job,93.19,Pass,2025-05-02
STU-00720,18,,Mechanical,1,Hostel,No Formal Education,Yes,No,3.15,5.21,2.59,96.13,2.00,42.64,6.15,,5.34,Government Job,100,Pass,2023-07-20
STU-00682,21,Female,Civil,1,With Family,No Formal Education,Yes,No,4.98,6.64,0.42,89.58,0.00,50.00,8.61,"?40,745.04",2.44,Undecided,100,Pass,2024-12-21
STU-01064,19,Female,Business Administration,3,Rented Accommodation,School,Yes,No,2.67,5.49,2.01,82.67,4.00,42.19,7.13,,5.00,Undecided,87.65,Pass,2022-09-05
STU-01056,21,Male,Electronics,2,Hostel,Graduate,Yes,No,2.21,4.31,0.32,,2.00,37.28,7.49,"?2,98,649.42",1.07,,87.29,Pass,2023-11-30
STU-00760,23,Male,Business Administration,1,With Family,School,Yes,No,21.00,8.60,10.51,71.65,2.00,47.61,6.92,"?53,485.85",7.57,Government Job,80.42,Pass,2022-11-13
STU-00764,24,Male,Electronics,3,With Family,Graduate,Yes,No,,5.39,3.93,76.27,2.00,33.18,5.78,"?16,635.19",7.61,Higher Studies,82.55,Pass,2024-08-28
STU-01151,38,Male,Mechanical,4,With Family,Postgraduate,Yes,Yes,4.41,7.98,1.99,89.78,5.00,50.00,9.28,"?1,90,708.25",5.23,Private Job,100,Pass,2023-11-19
STU-00448,18,Female,Arts,4,With Family,Graduate,Yes,No,6.93,7.04,0.66,68.03,1.00,48.22,7.91,"?57,229.87",1.56,Private Job,100,Pass,2025-08-25
STU-01179,21,Male,Science,3,With Family,School,Yes,No,1.59,5.39,1.29,92.60,4.00,42.99,7.65,"?31,125.88",6.08,Higher Studies,100,Pass,2023-10-17
STU-00365,23,Female,Computer Science,1,Hostel,Graduate,,No,0.86,6.84,1.68,69.00,3.00,39.60,5.93,"?1,24,056.04",5.60,Entrepreneurship,87.34,Pass,2022-09-18
STU-00076,21,Female,Computer Science,2,With Family,No Formal Education,Yes,Yes,3.24,8.40,0.38,100.00,2.00,47.58,7.79,,2.20,Private Job,100,Pass,2022-09-10
STU-01144,21,Female,Civil,1,With Family,Graduate,Yes,No,6.50,6.40,0.20,91.42,1.00,50.00,9.98,"?68,694.90",4.44,Entrepreneurship,100,Pass,2025-06-10
STU-00721,18,Female,Science,2,Rented Accommodation,School,Yes,No,4.81,7.14,2.01,175.00,1.00,50.00,6.60,"?28,093.77",2.80,Private Job,100,Pass,2024-01-10
STU-00588,17,Female,Mechanical,1,With Family,School,Yes,No,1.35,6.77,1.44,84.11,6.00,37.89,6.62,"?33,636.08",6.29,Higher Studies,87.07,Pass,2023-07-15
STU-00332,,Female,Science,2,Hostel,Graduate,Yes,No,4.08,6.82,1.57,62.74,2.00,35.54,8.11,"?18,169.52",4.17,Private Job,90.05,Pass,2025-05-02
STU-01175,22,Male,Science,1,With Family,School,Yes,Yes,5.91,7.73,1.81,69.58,1.00,50.00,6.83,"?11,913.48",1.91,Private Job,100,Pass,2025-10-05
STU-01190,20,Male,Computer Science,4,Hostel,Postgraduate,Yes,No,7.19,,3.23,88.81,2.00,50.00,8.06,"?16,325.53",3.34,Higher Studies,100,Pass,2024-09-06
STU-00942,19,Female,Mechanical,3,With Family,School,Yes,No,7.35,6.01,0.18,77.66,0.00,50.00,9.96,"?39,332.24",1.94,Higher Studies,100,Pass,2023-09-04
STU-00074,19,Female,Business Administration,3,Hostel,Graduate,Yes,No,0.85,6.53,8.43,74.10,5.00,41.87,6.72,"?1,66,634.48",9.86,Higher Studies,74.93,Pass,2025-04-05
STU-01094,22,Female,Business Administration,2,Hostel,Graduate,No,No,1.83,7.75,0.47,64.55,0.00,45.19,6.11,"?1,20,204.24",,Higher Studies,94.17,Pass,2025-10-15
STU-00956,22,Male,Arts,4,Hostel,Postgraduate,No,No,1.49,7.88,2.77,65.69,6.00,22.80,5.43,"?84,402.13",3.60,Private Job,76.18,Pass,2023-02-26
STU-00081,24,Female,Business Administration,3,With Family,Graduate,Yes,No,4.13,5.89,0.56,82.17,1.00,42.90,6.43,"?69,383.86",,Undecided,100,Pass,2023-10-10
STU-00863,20,Female,Mechanical,2,With Family,Postgraduate,Yes,No,5.42,7.25,0.18,85.17,10.00,37.18,7.60,"?86,471.63",8.95,Government Job,95.89,Pass,2024-01-07
STU-00485,18,Male,Business Administration,2,Hostel,,Yes,Yes,1.06,9.33,,72.94,4.00,35.19,6.26,"?61,404.02",5.52,Government Job,67.57,Pass,2025-01-24
STU-00129,20,Male,Computer Science,4,With Family,Graduate,No,No,,5.52,1.79,65.89,9.00,36.86,7.43,"?34,286.02",7.22,Private Job,69.14,Pass,2024-04-05
STU-00445,17,Male,Electronics,3,Hostel,Graduate,Yes,No,4.36,6.65,0.00,73.92,6.00,49.16,8.35,"?1,65,709.38",4.87,Private Job,89.67,Pass,2024-09-06
STU-01128,22,Male,Business Administration,1,Hostel,School,Yes,Yes,2.01,7.59,2.69,100.00,0.00,44.42,7.95,"?1,62,785.37",3.98,Government Job,100,Pass,2024-12-27
STU-00612,20,Female,Computer Science,1,Hostel,School,Yes,No,,5.24,,56.61,0.00,39.87,6.27,"?52,681.27",3.80,Private Job,96.4,Pass,2025-01-19
STU-00780,20,Female,Mechanical,1,,School,Yes,No,2.40,5.95,5.43,78.29,3.00,29.16,6.36,"?46,942.83",8.26,Higher Studies,87.33,Pass,2023-02-23
STU-00974,23,Female,Computer Science,1,Hostel,School,Yes,Yes,4.45,7.08,3.85,63.42,8.00,37.43,7.55,"?40,328.85",8.87,Undecided,98.22,Pass,2026-06-09
STU-00413,25,Other,Mechanical,1,With Family,Graduate,No,No,3.38,5.91,3.16,62.61,0.00,37.19,7.57,"?1,74,255.88",4.16,Entrepreneurship,90.48,Pass,2024-10-17
STU-00669,21,Female,Civil,1,Rented Accommodation,Graduate,Yes,No,2.10,7.42,5.33,93.96,0.00,46.38,7.79,"?64,384.59",3.29,Undecided,100,Pass,2023-02-08
STU-01149,21,Male,Electronics,4,Hostel,School,No,No,3.82,,0.83,87.22,0.00,40.08,7.92,"?13,160.65",3.72,Private Job,100,Pass,2025-12-06
STU-00955,22,Male,Computer Science,2,With Family,Graduate,Yes,No,4.52,6.71,3.48,81.22,1.00,38.43,7.53,,3.54,Government Job,91.7,Pass,2024-12-11
STU-00243,22,Male,Computer Science,1,With Family,Graduate,No,No,3.77,7.91,0.16,54.21,3.00,,7.13,"?88,932.07",4.20,Higher Studies,91.79,Pass,2025-08-27
STU-00512,27,Male,Science,2,With Family,School,Yes,No,12.81,6.13,3.17,96.72,2.00,50.00,9.13,"?60,845.29",3.83,Private Job,100,Pass,2025-01-24
STU-01065,21,Female,Business Administration,3,Rented Accommodation,Graduate,Yes,Yes,1.17,6.09,2.38,76.41,0.00,38.30,6.24,"?16,236.22",3.57,Private Job,86.06,Pass,2025-03-04
STU-00136,25,Male,Electronics,2,With Family,School,Yes,No,1.14,5.37,0.29,59.22,4.00,,5.66,"?26,747.79",5.75,Private Job,84.45,Pass,2026-04-09
STU-00338,19,Female,Science,1,With Family,Graduate,Yes,No,6.25,7.61,1.40,60.77,2.00,34.81,7.31,"?50,664.77",2.78,Government Job,81.99,Pass,2022-12-25
STU-00425,22,Male,Business Administration,3,Rented Accommodation,School,Yes,No,11.95,7.30,0.64,,5.00,50.00,10.00,"?34,232.34",4.09,Higher Studies,100,Pass,2025-11-06
STU-00308,17,Female,Business Administration,3,Hostel,Graduate,Yes,No,3.43,6.08,2.79,92.51,2.00,49.90,8.62,"?22,459.84",4.10,Higher Studies,100,Pass,2025-02-20
STU-00827,19,Male,Computer Science,1,Rented Accommodation,School,Yes,No,5.94,8.14,6.10,75.74,3.00,50.00,7.54,"?10,615.08",6.02,Private Job,100,Pass,2026-03-27
STU-00574,21,Other,Computer Science,3,Hostel,School,Yes,Yes,1.19,6.12,5.26,91.13,3.00,32.30,5.99,"?64,678.70",7.06,Entrepreneurship,82.21,Pass,2025-08-04
STU-00291,21,Female,Civil,2,Rented Accommodation,Graduate,Yes,No,2.98,5.93,1.22,73.78,1.00,39.15,7.48,"?27,707.95",3.45,Government Job,71.5,Pass,2023-06-24
STU-00281,24,,Computer Science,2,Hostel,No Formal Education,Yes,No,2.07,5.02,4.37,69.12,8.00,41.71,5.95,"?1,13,829.61",9.32,Private Job,81.4,Pass,2024-03-04
STU-00578,20,Male,Mechanical,1,Hostel,School,No,No,2.51,8.25,4.01,74.28,6.00,43.74,7.14,"?67,759.58",8.15,Entrepreneurship,85,Pass,2023-01-25
STU-00564,21,Other,Mechanical,1,Hostel,School,Yes,No,,7.92,2.18,83.78,2.00,39.84,8.53,"?1,37,044.34",3.99,Private Job,100,Pass,2024-11-13
STU-00675,20,Female,Business Administration,2,With Family,School,Yes,No,3.11,7.52,2.87,,0.00,47.11,8.28,"?2,74,730.03",4.20,Government Job,100,Pass,2023-01-22
STU-00487,20,Female,Arts,3,Hostel,Graduate,Yes,Yes,1.17,6.86,,75.67,0.00,39.62,7.46,"?58,173.55",1.00,Higher Studies,97.19,Pass,2026-03-29
STU-00688,19,Female,Mechanical,4,,Graduate,Yes,Yes,4.26,6.24,1.81,,1.00,34.86,7.59,"?35,436.49",4.15,Undecided,70.15,Pass,2023-11-16
STU-01115,17,Female,Computer Science,3,With Family,Postgraduate,No,No,6.66,6.60,0.76,81.37,0.00,48.35,8.12,"?61,908.62",2.53,Higher Studies,100,Pass,2024-12-14
STU-00544,,Male,Mechanical,1,Hostel,School,Yes,No,2.54,8.76,2.27,70.38,0.00,50.00,8.72,"?33,176.80",2.83,Private Job,100,Pass,2022-09-21
STU-00427,21,Female,Civil,4,Rented Accommodation,Graduate,Yes,Yes,5.69,6.41,0.51,89.68,0.00,50.00,8.74,"?1,34,470.69",4.32,Undecided,100,Pass,2025-10-07
STU-00599,20,Male,Computer Science,4,Hostel,No Formal Education,Yes,Yes,1.32,6.85,2.71,69.11,0.00,41.47,,"?41,025.72",2.44,Higher Studies,90.86,Pass,2023-02-03
STU-00710,24,Female,Mechanical,3,,Postgraduate,Yes,No,2.47,6.96,0.05,71.81,2.00,36.50,7.88,"?30,379.62",4.85,Private Job,80.14,Pass,2024-08-12
STU-00389,22,Female,Business Administration,4,Rented Accommodation,School,,No,3.13,6.81,1.19,70.66,2.00,42.70,8.12,,1.57,Private Job,85.79,Pass,2022-08-09
STU-01167,18,Female,Electronics,3,With Family,No Formal Education,Yes,No,3.53,7.33,2.28,93.02,0.00,38.48,8.56,"?1,78,796.06",1.14,Government Job,100,Pass,2024-03-19
STU-00707,20,Female,Electronics,2,Hostel,Graduate,Yes,No,6.37,9.24,1.00,91.21,2.00,50.00,,"?58,327.44",3.85,Higher Studies,100,Pass,2025-05-09
STU-00554,17,Male,Business Administration,3,Rented Accommodation,Graduate,Yes,No,2.10,7.01,0.20,89.97,1.00,48.25,7.39,"?73,032.00",1.50,Government Job,100,Pass,2022-08-16
STU-00093,17,Female,Computer Science,4,With Family,School,Yes,Yes,4.83,7.45,3.66,65.31,1.00,44.78,6.90,"?84,208.63",1.00,Private Job,75.55,Pass,2026-05-02
STU-01142,18,Female,Science,4,With Family,Graduate,Yes,Yes,6.78,6.93,0.47,74.14,5.00,45.71,8.79,"?47,593.63",3.84,Higher Studies,90.23,Pass,2025-12-10
STU-00330,24,Female,Mechanical,3,Rented Accommodation,Postgraduate,Yes,No,1.92,5.60,1.48,80.08,0.00,50.00,7.72,"?64,438.09",2.60,Private Job,100,Pass,2022-11-16
STU-00701,17,Female,Electronics,1,Hostel,Graduate,Yes,No,3.24,7.01,0.78,94.50,1.00,44.66,8.41,"?14,356.63",1.00,Private Job,100,Pass,2025-09-19
STU-00877,18,Male,Arts,1,Hostel,Graduate,Yes,No,2.79,5.63,0.12,88.93,3.00,43.53,7.99,"?2,54,966.13",5.45,Private Job,100,Pass,2025-03-16
STU-01004,22,Male,Computer Science,1,With Family,,Yes,No,1.80,5.10,0.14,94.32,1.00,50.00,7.96,"?8,691.13",1.00,Undecided,100,Pass,2024-05-13
STU-00852,24,Female,Computer Science,4,Hostel,Graduate,Yes,No,2.57,7.05,2.00,50.03,10.00,,7.11,"?44,941.60",9.73,Private Job,64.45,Pass,2022-10-21
STU-00020,18,Female,Mechanical,3,With Family,Postgraduate,No,No,2.84,9.35,1.57,70.41,5.00,44.29,6.95,"?71,351.98",3.46,Higher Studies,99.2,Pass,2024-01-05
STU-01193,25,Male,Electronics,2,Rented Accommodation,Postgraduate,Yes,No,2.72,6.54,0.03,73.92,6.00,47.59,7.84,"?65,683.95",6.89,Private Job,91.97,Pass,2026-02-04
STU-00353,24,Male,Civil,1,Hostel,Graduate,Yes,No,2.60,7.41,4.22,84.54,0.00,42.46,6.68,"?31,405.35",3.36,Government Job,96.16,Pass,2022-09-16
STU-00530,21,Male,Business Administration,4,Hostel,School,Yes,No,8.04,7.98,4.91,81.36,5.00,45.41,7.85,"?32,966.31",6.79,Private Job,100,Pass,2024-03-17
STU-00371,19,Female,Science,1,Rented Accommodation,School,Yes,Yes,2.41,7.16,1.76,79.07,2.00,39.15,7.45,"?73,284.75",2.59,Private Job,100,Pass,2023-05-14
STU-00571,21,Male,Mechanical,4,With Family,Graduate,Yes,Yes,4.44,5.75,1.84,,1.00,50.00,6.54,"?2,41,854.47",3.61,Undecided,100,Pass,2022-12-26
STU-00001,19,Female,Mechanical,3,Hostel,Graduate,,No,2.27,9.54,1.05,67.38,2.00,41.60,6.30,"?22,041.92",2.91,Higher Studies,86.63,Pass,2024-01-03
STU-00342,21,Female,Science,2,Rented Accommodation,Graduate,No,No,5.36,7.69,23.00,87.96,1.00,36.70,8.05,"?41,294.98",4.73,Higher Studies,100,Pass,2024-06-29
STU-00533,17,Male,Mechanical,2,Hostel,,Yes,No,1.51,6.52,3.73,81.47,6.00,37.79,4.96,"?66,404.28",8.17,Government Job,76.48,Pass,2024-12-04
STU-00500,24,Male,Mechanical,2,With Family,Postgraduate,Yes,No,2.44,4.36,2.72,86.30,2.00,47.59,7.15,"?1,43,143.93",5.38,Entrepreneurship,91.41,Pass,2025-12-31
STU-00767,20,Female,Arts,1,With Family,No Formal Education,Yes,No,1.65,7.26,,68.55,2.00,46.30,5.68,"?71,736.77",2.07,Government Job,96.22,Pass,2025-06-16
STU-00874,26,Female,Arts,2,Hostel,Graduate,Yes,No,3.61,8.82,7.03,60.04,0.00,37.90,6.75,"?1,01,518.82",3.66,Undecided,88.4,Pass,2025-08-24
STU-00744,17,Male,Computer Science,1,Hostel,Graduate,Yes,No,4.43,,0.36,81.78,0.00,50.00,7.51,"?27,715.15",3.07,Entrepreneurship,100,Pass,2024-03-18
STU-00007,20,Female,Civil,4,With Family,Postgraduate,Yes,Yes,2.12,6.03,2.02,79.08,0.00,41.07,8.54,"?1,43,217.73",4.28,Private Job,89.96,Pass,2024-08-22
STU-01119,18,Female,Business Administration,3,Rented Accommodation,School,Yes,No,3.39,5.48,0.53,84.16,1.00,47.96,7.03,"?1,53,668.81",1.41,Government Job,100,Pass,2025-08-28
STU-00828,18,Female,Science,2,Hostel,Postgraduate,No,No,2.28,6.23,6.29,73.25,2.00,33.96,6.72,"?33,915.67",7.78,Government Job,92.46,Pass,2025-08-15
STU-00299,,Female,Computer Science,1,Hostel,Graduate,Yes,No,0.99,6.84,2.26,77.73,4.00,33.51,7.03,"?8,856.52",5.42,Government Job,81.51,Pass,2022-12-22
STU-00655,22,Male,Computer Science,4,With Family,Graduate,Yes,No,1.75,7.44,4.47,71.43,4.00,36.08,6.69,"?79,471.18",,Undecided,77.16,Pass,2024-03-07
STU-00668,22,Male,,1,Hostel,Postgraduate,Yes,No,1.93,5.58,1.44,79.05,7.00,44.17,6.27,"?30,314.43",7.30,Private Job,98.17,Pass,2023-09-25
STU-00022,22,Female,Business Administration,2,With Family,School,Yes,No,3.18,8.10,0.70,57.70,2.00,33.86,6.57,"?1,17,386.29",2.29,Private Job,91.62,Pass,2024-07-22
STU-00430,27,Male,Computer Science,4,Hostel,No Formal Education,Yes,No,1.81,7.39,0.31,75.55,1.00,50.00,7.64,"?82,571.35",1.39,Private Job,100,Pass,2025-10-16
STU-00518,21,Female,Electronics,3,With Family,School,No,No,3.28,6.59,0.62,79.26,0.00,40.17,7.10,"?25,191.34",3.30,Undecided,100,Pass,2025-06-21
STU-01049,23,Male,Business Administration,1,With Family,School,Yes,No,2.96,5.71,2.30,51.17,1.00,33.78,6.68,"?1,01,965.95",4.02,Higher Studies,64.5,Pass,2024-10-10
STU-00691,21,Male,Mechanical,3,With Family,Graduate,Yes,Yes,3.12,7.79,5.17,70.08,1.00,30.46,6.36,"?55,612.80",4.77,Undecided,90.99,Pass,2022-09-18
STU-01117,17,Other,Arts,3,Rented Accommodation,School,Yes,No,8.28,5.93,0.16,93.72,0.00,50.00,6.84,"?54,801.02",1.92,Private Job,100,Pass,2024-01-12
STU-01068,,Female,Business Administration,1,,School,Yes,No,3.42,6.88,2.58,69.14,2.00,39.64,8.35,"?58,003.20",2.35,Government Job,100,Pass,2025-08-29
STU-00186,23,Female,Electronics,1,Hostel,Graduate,No,Yes,3.24,8.51,3.55,71.60,3.00,46.09,6.84,"?1,39,306.28",7.08,Private Job,90.64,Pass,2022-11-04
STU-01140,19,Male,Business Administration,4,Rented Accommodation,Postgraduate,Yes,No,6.19,6.64,0.48,73.78,0.00,50.00,7.49,"?1,36,873.49",3.20,Higher Studies,100,Pass,2025-01-16
STU-00395,,Male,Electronics,2,Hostel,School,Yes,No,9.89,6.74,3.67,78.80,2.00,50.00,7.19,"?51,338.90",4.61,Undecided,100,Pass,2025-02-20
STU-00236,18,Female,Mechanical,2,Hostel,School,Yes,Yes,4.05,6.60,0.16,100.00,2.00,41.02,7.96,"?55,301.80",3.12,Private Job,100,Pass,2026-03-02
STU-00804,22,Male,Civil,3,Hostel,Postgraduate,Yes,No,2.90,1.00,2.19,,2.00,30.22,7.18,"?58,914.63",3.63,Government Job,100,Pass,2023-01-29
STU-00999,21,Male,Civil,2,With Family,Graduate,Yes,Yes,2.72,4.82,2.68,87.51,3.00,50.00,7.16,"?2,48,161.56",7.32,Private Job,100,Pass,2023-03-05
STU-00539,20,Female,Computer Science,1,Rented Accommodation,Graduate,Yes,No,3.63,6.18,1.20,78.13,2.00,45.17,7.11,"?1,53,166.43",1.00,Entrepreneurship,100,Pass,2026-02-09
STU-00582,20,Female,Civil,3,Hostel,Postgraduate,Yes,No,2.21,6.10,2.67,65.75,0.00,38.14,6.79,"?1,18,490.05",1.00,Undecided,75.02,Pass,2023-02-04
STU-00462,21,Male,Science,1,With Family,Graduate,Yes,No,2.42,7.13,0.11,79.17,1.00,44.94,7.77,"?1,51,265.71",1.00,Private Job,95.08,Pass,2023-03-16
STU-00349,17,Male,Mechanical,4,With Family,School,Yes,Yes,4.00,7.44,2.49,,1.00,42.05,8.49,"?98,947.23",4.01,Private Job,100,Pass,2023-11-28
STU-00121,23,Female,Electronics,1,Hostel,,Yes,No,6.59,8.59,0.42,77.57,4.00,46.17,7.48,"?29,673.62",1.81,Government Job,100,Pass,2023-06-07
STU-00791,22,Male,Business Administration,4,Rented Accommodation,Postgraduate,Yes,No,2.01,7.22,3.03,,8.00,42.11,7.25,"?78,658.29",6.97,Higher Studies,93.04,Pass,2025-04-09
STU-00543,18,Male,Business Administration,3,With Family,No Formal Education,Yes,No,3.37,6.22,1.49,69.99,2.00,43.27,8.68,"?26,505.58",5.69,Private Job,97.35,Pass,2024-06-05
STU-00387,19,Female,Business Administration,1,With Family,No Formal Education,Yes,No,4.44,7.41,0.47,71.17,3.00,50.00,7.60,"?56,653.99",3.06,Private Job,100,Pass,2022-11-03
STU-00736,22,Female,Civil,1,With Family,Postgraduate,Yes,No,,8.15,2.74,89.66,4.00,50.00,6.37,"?28,457.10",3.58,Private Job,100,Pass,2023-11-13
STU-00824,20,Female,Computer Science,2,Rented Accommodation,School,No,No,1.66,7.65,0.42,82.53,4.00,35.80,7.41,"?53,158.18",3.42,Undecided,89.51,Pass,2026-02-01
STU-01005,18,Female,Science,2,With Family,Graduate,Yes,No,6.16,6.38,0.23,100.00,0.00,50.00,9.70,"?27,055.57",1.00,Private Job,100,Pass,2025-04-16
STU-00290,19,Female,Computer Science,2,Hostel,Graduate,Yes,Yes,2.97,5.09,0.63,86.57,0.00,50.00,8.37,"?49,747.91",4.53,Government Job,100,Pass,2025-03-25
STU-00695,22,Female,Civil,1,Rented Accommodation,Graduate,Yes,Yes,3.88,6.48,5.37,82.63,6.00,50.00,6.07,"?46,890.48",7.56,Private Job,75.83,Pass,2023-06-02
STU-00242,23,Male,Computer Science,2,Rented Accommodation,School,Yes,Yes,3.57,8.39,0.05,99.38,3.00,45.07,8.42,"?22,523.19",2.59,Private Job,100,Pass,2023-08-27
STU-00992,20,Female,Civil,1,With Family,School,Yes,No,7.79,8.35,,84.04,2.00,50.00,8.88,,1.36,Private Job,100,Pass,2023-03-12
STU-00095,21,Female,Civil,3,With Family,Postgraduate,Yes,Yes,1.32,8.16,0.33,65.74,2.00,40.00,6.32,"?22,896.43",1.00,Private Job,86.44,Pass,2024-06-11
STU-00212,21,Male,Electronics,3,With Family,School,Yes,No,8.03,5.50,3.77,65.68,7.00,50.00,7.34,"?1,95,263.68",6.90,Private Job,98.09,Pass,2025-11-17
STU-00374,24,Male,Computer Science,4,With Family,Graduate,Yes,Yes,1.18,5.26,2.63,62.83,3.00,29.43,5.39,,5.63,Private Job,68.99,Pass,2026-04-12
STU-00803,20,Male,Computer Science,1,Hostel,Graduate,Yes,No,6.69,6.33,2.23,100.00,2.00,50.00,7.62,"?43,704.96",1.00,Private Job,100,Pass,2024-10-20
STU-00630,23,Male,Science,1,Hostel,Graduate,No,No,24.00,8.66,1.17,100.00,0.00,50.00,9.05,"?1,05,553.21",1.75,Private Job,100,Pass,2025-03-08
STU-01013,20,Male,Arts,4,Hostel,Postgraduate,Yes,No,3.38,7.95,,83.61,0.00,47.37,6.88,"?62,943.41",1.00,Government Job,91.6,Pass,2025-12-06
STU-00926,19,Female,Electronics,1,Hostel,Graduate,No,Yes,3.59,,0.69,92.59,0.00,49.50,7.88,"?46,306.79",3.49,Undecided,100,Pass,2024-05-03
STU-00855,18,Female,Science,3,Rented Accommodation,Graduate,Yes,No,2.96,7.13,1.42,65.00,3.00,43.55,6.02,"?1,30,803.27",3.93,Higher Studies,83.82,Pass,2023-08-19
STU-00229,18,Male,Science,1,Rented Accommodation,Graduate,Yes,Yes,2.03,7.93,1.03,86.22,0.00,35.88,7.91,"?57,936.19",4.22,Private Job,86.74,Pass,2022-10-22
STU-00151,18,Female,Computer Science,3,Hostel,Postgraduate,Yes,No,6.53,7.44,5.04,71.06,0.00,44.86,7.28,"?83,206.16",3.49,,94.73,Pass,2023-10-03
STU-00273,20,,Mechanical,3,Hostel,Graduate,Yes,No,4.67,7.12,0.12,95.43,2.00,50.00,8.10,"?35,632.14",3.48,Entrepreneurship,100,Pass,2026-03-27
STU-00520,20,Male,Electronics,2,Hostel,Graduate,Yes,No,2.55,3.44,4.68,100.00,3.00,36.33,8.39,"?2,53,323.70",7.54,Private Job,100,Pass,2025-04-03
STU-00431,24,Male,Mechanical,2,Rented Accommodation,Graduate,Yes,Yes,5.02,7.80,4.60,75.76,1.00,42.60,7.55,"?36,295.82",4.20,Entrepreneurship,100,Pass,2024-09-18
STU-00346,20,Female,Mechanical,2,With Family,School,Yes,No,8.71,5.96,0.79,99.84,5.00,43.74,9.90,"?39,198.03",,Private Job,100,Pass,2025-03-11
STU-00962,21,Male,Business Administration,3,With Family,Postgraduate,Yes,No,2.86,7.94,,72.00,4.00,46.85,7.64,"?23,767.04",3.48,Higher Studies,100,Pass,2022-08-13
STU-00119,22,,Science,1,With Family,School,Yes,No,3.86,6.16,1.40,60.14,5.00,34.80,7.10,"?83,478.12",4.11,Higher Studies,94.15,Pass,2026-03-22
STU-01079,21,Female,Business Administration,1,Rented Accommodation,Graduate,Yes,No,1.61,5.41,0.91,88.86,3.00,39.39,8.71,"?2,36,525.54",3.75,Government Job,100,Pass,2022-08-23
STU-00796,23,Male,Science,1,Hostel,School,Yes,No,1.10,6.90,1.01,90.98,1.00,41.87,6.76,"?40,175.78",1.51,Private Job,100,Pass,2025-09-26
STU-01040,19,Female,Arts,4,With Family,Graduate,Yes,No,6.85,5.58,1.11,87.42,0.00,46.23,9.08,,1.33,Undecided,100,Pass,2026-01-19
STU-00506,22,Male,Civil,1,With Family,Graduate,Yes,No,0.74,4.87,3.44,74.55,2.00,31.12,4.58,"?39,021.43",1.88,,89.95,Pass,2023-01-01
STU-00658,22,Male,Civil,3,With Family,,Yes,No,5.87,6.41,0.63,82.23,0.00,47.20,7.67,"?2,04,993.03",1.00,Private Job,100,Pass,2025-03-26
STU-01077,22,Other,Mechanical,1,Hostel,Graduate,Yes,No,4.26,7.23,2.21,75.55,2.00,49.37,,"?65,571.34",5.09,Private Job,100,Pass,2026-03-23
STU-00613,19,Male,Science,4,Hostel,Graduate,Yes,Yes,1.48,7.43,1.76,63.92,1.00,45.63,7.05,"?54,052.85",4.30,Higher Studies,81.41,Pass,2024-09-27
STU-00242,23,Male,Computer Science,2,Rented Accommodation,School,Yes,Yes,3.57,8.39,0.05,99.38,3.00,45.07,8.42,"?22,523.19",2.59,Private Job,100,Pass,2023-08-27
STU-00199,21,Male,Computer Science,2,Rented Accommodation,No Formal Education,Yes,No,5.34,8.08,0.48,67.34,2.00,45.13,7.95,"?60,938.39",1.00,Private Job,92.77,Pass,2023-12-20
STU-00499,22,Male,Mechanical,4,With Family,Graduate,Yes,No,4.66,4.69,3.01,74.24,1.00,32.21,7.62,"?37,620.70",3.29,Entrepreneurship,71.15,Pass,2022-10-13
STU-00357,18,Female,Mechanical,3,Rented Accommodation,School,Yes,No,3.84,6.94,1.33,95.64,6.00,45.67,8.32,,4.59,Private Job,100,Pass,2024-03-10
STU-00909,20,Other,Electronics,3,With Family,School,Yes,Yes,10.05,7.58,0.52,100.00,5.00,44.59,10.00,"?28,002.39",4.18,Higher Studies,100,Pass,2023-10-19
STU-00842,21,Male,Science,3,Rented Accommodation,Postgraduate,Yes,Yes,13.20,5.32,0.15,81.20,1.00,50.00,9.14,"?1,49,474.19",1.00,Private Job,100,Pass,2023-03-22
STU-00888,20,Male,Mechanical,2,With Family,,Yes,No,7.19,5.52,2.57,83.52,1.00,46.37,8.74,"?2,32,769.82",4.75,,100,Pass,2025-10-22
STU-00894,23,Female,Mechanical,3,Rented Accommodation,School,Yes,No,6.20,7.91,1.13,80.08,3.00,50.00,8.58,"?60,794.48",4.67,Private Job,100,Pass,2023-05-21
STU-00360,18,Male,Mechanical,2,With Family,,Yes,No,3.59,6.48,2.61,67.68,2.00,44.30,7.99,"?47,576.70",3.06,Private Job,69.98,Pass,2024-04-12
STU-01102,21,Male,Electronics,1,With Family,Postgraduate,Yes,No,2.48,4.32,0.62,85.74,1.00,33.49,7.72,"?75,645.49",3.88,Undecided,91.71,Pass,2025-01-24
STU-00740,18,Female,Computer Science,2,With Family,Graduate,Yes,No,1.32,7.39,0.73,80.02,2.00,18.79,7.87,"?42,697.77",4.99,Private Job,91.61,Pass,2025-08-23
STU-01029,18,Male,Arts,1,With Family,Graduate,Yes,No,4.18,6.87,1.94,75.80,3.00,34.72,8.08,"?85,055.46",3.95,Undecided,85.64,Pass,2023-08-27
STU-00797,20,Male,Science,3,Rented Accommodation,Graduate,Yes,No,0.75,5.37,1.55,78.20,0.00,34.93,,"?72,270.06",2.32,Undecided,80.01,Pass,2024-07-27
STU-00905,21,Female,Civil,1,Rented Accommodation,Graduate,Yes,Yes,1.90,6.03,,60.29,0.00,35.21,7.53,"?54,344.83",3.25,Entrepreneurship,72.38,Pass,2022-09-12
STU-00432,22,Male,Civil,4,Rented Accommodation,Postgraduate,Yes,No,8.60,6.31,3.47,100.00,1.00,48.15,,"?40,519.68",2.98,Private Job,100,Pass,2025-05-09
STU-00450,21,Male,Mechanical,4,With Family,Graduate,Yes,No,0.66,5.25,4.75,71.47,4.00,39.74,6.65,"?28,83,511.00",7.58,Private Job,77.1,Pass,2024-07-24
STU-00176,17,Female,Computer Science,2,With Family,Postgraduate,Yes,No,1.26,5.17,0.43,70.55,0.00,46.79,4.73,"?46,703.14",3.15,Undecided,94.44,Pass,2023-01-27
STU-00659,18,Male,Mechanical,2,With Family,School,Yes,No,3.75,6.20,0.39,76.26,1.00,48.49,6.61,"?62,968.10",1.00,Private Job,100,Pass,2024-03-13
STU-00467,21,Male,Computer Science,2,Rented Accommodation,Graduate,Yes,No,3.08,7.10,6.12,95.82,1.00,39.20,7.14,"?40,198.42",3.43,Private Job,100,Pass,2025-12-20
STU-00094,18,Female,Business Administration,3,Hostel,Graduate,No,No,4.46,8.19,3.64,78.62,3.00,37.99,7.80,"?46,350.60",3.66,Private Job,90.3,Pass,2025-10-21
STU-00523,24,Female,Civil,4,With Family,Graduate,No,No,5.87,7.58,0.67,67.78,1.00,43.51,6.17,"?58,577.50",1.00,Private Job,100,Pass,2025-04-06
STU-00045,22,Male,Civil,3,Hostel,School,Yes,No,2.81,5.00,2.48,66.87,1.00,50.00,6.24,"?68,705.81",3.89,Private Job,93.32,Pass,2023-11-05
STU-00341,20,Male,Computer Science,2,With Family,School,Yes,No,1.61,4.65,0.93,77.05,1.00,45.18,8.44,"?15,015.47",3.89,Higher Studies,100,Pass,2023-05-17
STU-00394,24,,Science,3,With Family,School,Yes,No,5.87,8.09,1.43,83.51,4.00,45.38,9.05,,3.82,Government Job,100,Pass,2023-01-09
STU-00470,21,Female,Business Administration,1,With Family,Postgraduate,Yes,No,4.76,8.00,0.75,79.78,3.00,50.00,7.56,"?19,752.91",3.52,Private Job,100,Pass,2025-02-18
STU-00743,22,Male,Computer Science,1,,Graduate,Yes,No,2.00,6.98,0.74,88.10,1.00,45.50,6.99,"?27,012.88",1.00,Private Job,100,Pass,2024-12-23
STU-00896,19,Female,Electronics,1,With Family,Postgraduate,Yes,No,3.66,7.34,5.27,65.26,5.00,44.02,5.28,,4.55,Private Job,80.19,Pass,2023-03-21
STU-00625,18,Male,Mechanical,4,Rented Accommodation,School,Yes,No,3.68,4.31,5.39,79.38,1.00,49.40,5.92,"?99,253.82",6.34,Private Job,100,Pass,2023-07-12
STU-00531,23,Female,Civil,3,With Family,School,Yes,No,5.19,7.00,0.97,95.31,1.00,49.86,8.28,"?56,174.89",1.02,Private Job,100,Pass,2025-07-01
STU-00502,22,Other,Electronics,2,Rented Accommodation,School,,No,3.87,7.17,6.81,63.11,3.00,,6.88,"?58,961.64",5.67,Private Job,92.47,Pass,2025-12-14
STU-00670,20,,Mechanical,4,With Family,School,Yes,No,0.90,6.73,1.29,68.90,2.00,28.38,6.85,"?1,39,360.21",1.34,Private Job,63.77,Pass,2025-05-16
STU-00971,21,Female,Computer Science,4,Rented Accommodation,Graduate,Yes,No,1.63,5.58,2.63,40.24,1.00,34.49,6.41,"?31,126.10",3.64,Government Job,54.12,Pass,2023-08-10
STU-00231,20,Male,Mechanical,2,Rented Accommodation,Graduate,Yes,No,1.06,8.31,1.32,27.30,6.00,29.17,5.93,"?59,202.08",4.77,Private Job,61.05,Pass,2025-04-16
STU-00526,22,Male,Business Administration,3,,Graduate,Yes,Yes,5.53,5.94,0.64,89.83,5.00,35.85,9.37,"?29,637.02",5.55,Government Job,100,Pass,2023-11-26
STU-01038,23,Male,Arts,1,,Graduate,Yes,Yes,3.48,7.57,0.58,,2.00,30.30,7.82,"?59,500.81",2.67,Private Job,100,Pass,2026-04-26
STU-00839,19,Female,Computer Science,3,Rented Accommodation,Graduate,Yes,No,1.56,6.51,0.23,95.08,1.00,40.86,7.93,"?30,596.39",1.67,Private Job,100,Pass,2024-02-21
STU-01030,18,Female,Computer Science,3,Rented Accommodation,School,Yes,Yes,1.69,7.38,1.79,71.54,5.00,39.69,6.39,"?11,608.88",4.46,Entrepreneurship,98.54,Pass,2025-09-19
STU-00031,18,Male,Business Administration,2,With Family,Graduate,Yes,No,1.56,,1.71,73.14,0.00,42.55,7.80,"?1,57,455.42",5.56,Entrepreneurship,91.89,Pass,2022-08-26
STU-00195,21,Male,Electronics,1,Hostel,Postgraduate,Yes,No,2.49,6.92,1.37,,0.00,39.98,7.38,"?57,561.32",2.88,Private Job,92.07,Pass,2026-04-28
STU-00821,20,Other,Science,1,Rented Accommodation,Postgraduate,Yes,No,3.86,4.88,1.02,83.56,0.00,50.00,7.59,"?50,639.17",2.73,Private Job,100,Pass,2024-11-16
STU-01000,20,Male,Business Administration,1,Rented Accommodation,Postgraduate,Yes,No,4.28,7.78,0.92,73.39,11.00,23.00,8.32,"?71,373.39",8.11,Private Job,80.97,Pass,2024-06-20
STU-00689,24,Male,Business Administration,1,With Family,Graduate,Yes,No,1.30,9.04,0.81,90.76,0.00,47.47,7.42,"?42,261.40",3.43,Higher Studies,98.7,Pass,2025-01-28
STU-00058,21,Male,Mechanical,3,With Family,Graduate,Yes,No,5.27,8.48,1.83,74.96,1.00,43.73,7.04,"?36,911.40",1.97,Private Job,100,Pass,2023-03-16
STU-01171,19,Male,Electronics,1,With Family,Postgraduate,Yes,Yes,1.39,7.32,1.43,80.31,0.00,42.37,7.24,"?1,43,090.37",1.86,Private Job,100,Pass,2024-08-10
STU-01127,20,Female,Mechanical,2,Hostel,,Yes,No,1.20,7.38,5.99,66.73,0.00,33.98,4.77,"?35,106.67",3.30,Private Job,65.19,Pass,2022-07-26
STU-00867,21,Female,Civil,1,,Graduate,Yes,Yes,5.31,6.81,0.20,83.63,3.00,50.00,8.25,"?1,52,123.16",1.00,Government Job,100,Pass,2026-04-12
STU-00347,22,Male,Mechanical,1,With Family,School,Yes,No,1.12,6.51,,87.81,1.00,28.17,6.80,"?35,797.28",1.69,Private Job,87.91,Pass,2023-08-11
STU-00080,20,Female,Civil,3,Hostel,Postgraduate,Yes,No,4.71,,0.88,67.84,0.00,40.53,8.38,"?83,737.95",1.00,Higher Studies,100,Pass,2024-09-25
STU-01165,20,Female,Electronics,3,Rented Accommodation,Postgraduate,Yes,Yes,2.16,6.78,1.36,98.39,7.00,43.87,9.00,"?98,144.44",5.27,Higher Studies,100,Pass,2025-09-06
STU-01148,18,Male,Arts,1,Hostel,No Formal Education,No,Yes,2.19,7.07,1.76,,2.00,33.32,8.07,"?2,11,522.35",3.85,Private Job,84.32,Pass,2025-11-12
STU-00771,19,Female,Computer Science,2,With Family,Graduate,Yes,No,,4.48,1.39,78.66,4.00,42.36,7.65,"?67,398.09",6.89,Undecided,91.73,Pass,2025-07-08
STU-01129,22,Male,Civil,3,With Family,Postgraduate,Yes,No,2.44,7.58,1.69,60.58,1.00,36.19,5.97,"?67,136.65",3.66,Higher Studies,88.31,Pass,2024-01-12
STU-00156,18,Female,Business Administration,3,With Family,Graduate,Yes,No,3.42,6.01,0.82,76.54,2.00,46.32,8.67,"?37,978.68",,Government Job,91.95,Pass,2024-11-08
STU-00154,19,Male,Arts,1,With Family,Graduate,Yes,No,3.97,6.80,4.55,,0.00,46.09,9.81,"?94,094.82",4.56,Undecided,100,Pass,2023-04-21
STU-00831,21,Male,Business Administration,3,Rented Accommodation,No Formal Education,Yes,No,6.18,7.46,3.49,96.69,1.00,50.00,10.00,"?1,10,748.39",5.57,Private Job,100,Pass,2023-12-21
STU-00447,19,Female,Mechanical,3,With Family,Graduate,Yes,No,4.36,5.85,0.72,86.49,3.00,41.54,7.05,"?26,597.01",1.94,Government Job,96.78,Pass,2022-10-12
STU-01105,21,Female,Electronics,2,With Family,School,Yes,Yes,1.78,7.05,2.92,,1.00,47.38,7.13,,3.20,Higher Studies,100,Pass,2024-04-06
STU-00497,19,Female,Science,1,Hostel,Postgraduate,Yes,No,2.72,7.97,0.39,69.28,4.00,20.66,6.97,"?39,040.72",6.71,Undecided,79.68,Pass,2022-10-24
STU-00639,22,Female,Computer Science,4,With Family,No Formal Education,Yes,No,1.27,7.15,1.08,84.95,4.00,33.18,7.83,"?1,04,246.46",3.51,Undecided,82.97,Pass,2022-09-15
STU-00948,17,Female,,1,Hostel,School,Yes,No,6.44,7.82,0.07,59.18,1.00,50.00,8.18,"?70,141.02",1.00,Private Job,100,Pass,2025-11-06
STU-01166,21,Female,Civil,3,With Family,Graduate,Yes,No,6.65,6.45,5.09,81.53,0.00,50.00,6.46,"?43,514.21",4.55,,100,Pass,2023-12-12
STU-00270,21,Female,Mechanical,1,With Family,Postgraduate,Yes,No,3.52,6.03,0.12,90.70,4.00,45.97,7.97,"?1,45,943.66",6.53,Higher Studies,100,Pass,2022-12-13
STU-00376,21,Female,Mechanical,1,Rented Accommodation,Graduate,Yes,No,4.26,7.51,2.49,85.42,1.00,50.00,8.58,"?1,18,057.21",5.21,Higher Studies,100,Pass,2025-11-22
STU-01037,22,Female,Computer Science,3,Rented Accommodation,Graduate,Yes,No,3.01,5.35,0.10,93.72,0.00,41.21,8.81,"?73,442.66",1.77,Undecided,100,Pass,2025-01-18
STU-00492,19,Male,Arts,4,With Family,Graduate,Yes,No,10.32,7.10,0.05,100.00,5.00,50.00,8.74,"?22,081.50",3.18,Higher Studies,100,Pass,2022-10-01
STU-00479,18,Female,Science,1,Rented Accommodation,School,Yes,No,2.59,,1.59,60.69,0.00,48.81,6.37,"?1,71,138.69",1.21,Private Job,100,Pass,2024-10-25
STU-00108,22,Male,Computer Science,4,With Family,Postgraduate,Yes,No,5.08,8.08,0.94,80.25,2.00,45.49,7.22,"?24,094.11",1.67,Government Job,100,Pass,2023-02-14
STU-00166,19,Male,Business Administration,3,With Family,School,Yes,Yes,2.59,9.89,0.62,71.49,3.00,27.71,6.07,"?23,710.38",2.53,Private Job,71.95,Pass,2025-09-30
STU-00904,22,Female,Electronics,4,Rented Accommodation,Postgraduate,Yes,No,3.25,6.48,1.59,89.20,0.00,45.87,6.45,"?68,245.70",3.15,Private Job,100,Pass,2022-07-22
STU-00216,21,Male,Civil,2,Hostel,Graduate,Yes,No,1.35,7.03,0.93,81.54,4.00,50.00,5.78,"?1,48,166.77",3.22,Undecided,85.13,Pass,2023-11-02
STU-00875,21,Male,Civil,1,Hostel,Graduate,Yes,No,3.34,7.67,1.11,66.85,2.00,39.74,9.06,"?55,575.79",4.70,Private Job,90.87,Pass,2022-09-13
STU-00738,21,Female,Electronics,1,With Family,Graduate,Yes,No,5.65,6.66,,98.76,5.00,50.00,7.87,"?82,156.54",6.02,Private Job,100,Pass,2025-01-18
STU-00773,23,Female,Science,4,Hostel,Graduate,No,No,,6.81,0.73,74.02,3.00,41.98,8.57,"?1,10,299.89",2.05,Private Job,100,Pass,2025-12-19
STU-01011,19,Female,Arts,3,,School,No,No,2.45,6.12,0.48,,7.00,34.59,7.28,"?47,047.23",6.21,Higher Studies,91.33,Pass,2026-01-18
STU-01178,20,Male,Civil,2,With Family,Postgraduate,Yes,No,1.25,6.53,2.22,72.26,1.00,34.55,5.83,"?82,132.62",3.73,Government Job,75.55,Pass,2023-01-01
STU-00279,18,Male,Computer Science,1,Rented Accommodation,Graduate,No,No,7.87,7.12,1.72,79.13,1.00,50.00,8.27,"?31,238.11",2.57,Private Job,100,Pass,2025-05-23
STU-00284,18,Female,Arts,1,Hostel,Graduate,No,No,1.76,6.19,3.50,66.09,1.00,30.98,7.67,"?1,31,235.23",4.16,,67.05,Pass,2024-08-28
STU-01182,20,Female,Electronics,3,With Family,Graduate,Yes,No,5.89,7.55,7.05,52.23,0.00,49.78,7.48,"?24,212.76",4.86,Private Job,88.05,Pass,2025-06-07
STU-00016,19,Male,Mechanical,1,Rented Accommodation,School,Yes,No,8.75,6.23,1.51,83.24,1.00,50.00,7.58,"?75,241.88",6.06,Private Job,100,Pass,2023-01-12
STU-01014,23,Female,Computer Science,2,With Family,School,No,No,3.55,6.23,4.91,54.18,2.00,40.65,6.81,"?1,99,336.11",4.82,Undecided,85.41,Pass,2023-10-21
STU-00167,22,Male,Electronics,1,With Family,No Formal Education,Yes,No,0.68,7.33,0.43,86.12,2.00,37.79,6.40,"?52,026.07",1.44,Private Job,98.08,Pass,2025-06-09
STU-01071,20,Male,Civil,2,With Family,Graduate,Yes,No,1.90,6.40,4.54,76.83,3.00,,5.44,"?73,126.25",8.94,Entrepreneurship,88.77,Pass,2025-05-26
STU-00617,23,Female,Civil,4,With Family,Graduate,Yes,No,3.35,7.69,0.90,69.77,0.00,49.02,8.25,"?1,14,154.69",1.00,Government Job,100,Pass,2024-03-31
STU-00049,26,Male,Computer Science,2,Rented Accommodation,Graduate,Yes,No,2.55,7.19,0.45,62.96,2.00,30.46,7.95,"?39,638.49",2.40,Undecided,96.01,Pass,2025-07-02
STU-00194,21,Female,Electronics,3,With Family,Postgraduate,No,No,,6.96,1.39,62.39,4.00,38.88,5.93,"?35,412.52",4.15,Private Job,65.88,Pass,2023-01-05
STU-00958,22,Male,Science,2,Hostel,Graduate,Yes,Yes,4.63,6.64,2.31,91.93,2.00,35.19,8.42,"?91,937.51",2.51,Government Job,100,Pass,2022-08-10
STU-00293,22,Female,Computer Science,4,With Family,No Formal Education,Yes,No,4.48,7.97,3.22,80.59,1.00,50.00,8.70,"?1,05,700.53",1.15,Undecided,100,Pass,2022-08-06
STU-00139,18,Female,Business Administration,1,With Family,Graduate,Yes,No,5.61,6.86,1.50,59.83,1.00,47.06,8.10,,2.33,Government Job,100,Pass,2022-10-27
STU-00319,22,Male,Computer Science,4,With Family,Graduate,Yes,No,4.37,5.49,1.09,72.63,2.00,48.11,7.32,"?3,15,745.21",3.04,Higher Studies,100,Pass,2025-09-07
STU-00296,20,Female,Arts,1,With Family,School,Yes,No,1.04,8.59,0.68,95.21,3.00,40.75,6.35,"?1,69,850.76",5.18,Private Job,100,Pass,2025-08-09
STU-00440,17,Male,Computer Science,2,Hostel,,Yes,Yes,,5.14,0.16,88.64,2.00,42.56,8.77,"?20,683.31",2.85,Private Job,100,Pass,2023-01-10
STU-00073,25,Other,Science,1,With Family,School,Yes,No,8.04,,2.20,94.29,0.00,50.00,9.56,"?58,081.47",,Private Job,100,Pass,2023-05-13
STU-00711,22,Female,Science,1,Rented Accommodation,Graduate,Yes,No,0.61,8.12,1.64,66.24,2.00,29.17,6.07,"?72,611.20",3.20,Government Job,67.12,Pass,2023-07-05
STU-00454,21,Male,Science,2,With Family,School,Yes,No,2.96,6.95,0.52,,0.00,46.07,8.79,"?60,180.14",4.86,Private Job,100,Pass,2026-06-27
STU-00429,22,Male,Computer Science,3,Rented Accommodation,Postgraduate,Yes,No,5.76,7.49,0.77,70.19,6.00,41.93,6.12,"?22,625.24",5.92,Entrepreneurship,94.53,Pass,2022-09-16
STU-00061,18,Female,Business Administration,4,With Family,Graduate,Yes,No,2.34,7.03,1.10,79.79,2.00,42.17,7.67,"?25,795.19",5.08,Private Job,100,Pass,2024-08-21
STU-00653,21,Male,Electronics,3,Hostel,Postgraduate,Yes,No,2.96,8.49,1.63,85.82,1.00,42.88,6.88,"?89,420.07",3.71,Undecided,97.1,Pass,2022-11-05
STU-00115,20,Male,Mechanical,4,Hostel,Postgraduate,Yes,No,6.31,8.13,3.09,77.45,2.00,43.15,9.61,"?62,089.80",1.26,Higher Studies,100,Pass,2025-01-07
STU-00932,20,Male,Civil,3,Hostel,School,Yes,No,6.32,,1.55,82.68,4.00,49.98,7.97,"?69,019.43",5.87,Government Job,100,Pass,2026-02-20
STU-00661,19,Female,Mechanical,3,With Family,Graduate,Yes,Yes,4.37,5.21,0.34,,1.00,50.00,9.72,"?28,871.22",2.49,Undecided,100,Pass,2024-05-05
STU-00712,23,Male,Science,1,With Family,Graduate,Yes,Yes,4.15,5.66,1.88,99.38,3.00,38.09,9.29,"?33,822.20",4.20,Private Job,98.58,Pass,2025-04-28
STU-00449,21,Female,Science,2,With Family,School,Yes,Yes,1.41,6.53,2.05,62.15,3.00,42.80,6.73,"?32,160.15",,Entrepreneurship,88.57,Pass,2023-12-18
STU-00798,21,Male,Electronics,2,Hostel,Graduate,Yes,No,,5.26,0.73,70.24,0.00,37.83,7.20,"?27,471.33",5.87,Higher Studies,92.15,Pass,2024-05-14
STU-00871,18,Female,Science,3,Hostel,School,Yes,No,1.21,7.45,7.49,79.24,5.00,35.40,5.62,"?33,908.62",8.43,Higher Studies,69.57,Pass,2025-09-12
STU-00478,18,Female,Science,1,Hostel,Postgraduate,Yes,No,,4.80,2.12,70.68,5.00,42.36,6.55,"?1,21,140.34",4.35,Private Job,86.69,Pass,2024-06-27
STU-01104,20,Male,Science,2,With Family,Graduate,Yes,No,1.76,8.73,1.00,90.75,2.00,26.54,8.07,"?59,011.12",1.00,Private Job,100,Pass,2025-01-16
STU-00845,,Male,Arts,2,With Family,School,Yes,Yes,3.24,8.05,0.98,87.20,2.00,29.79,7.90,"?51,466.47",5.29,Private Job,92.47,Pass,2024-02-12
STU-00809,,Female,Electronics,4,Rented Accommodation,,No,No,3.31,6.20,,96.68,9.00,31.21,7.37,"?15,945.23",6.89,Undecided,75.65,Pass,2026-01-08
STU-00021,19,Female,Computer Science,4,Hostel,School,Yes,Yes,1.51,6.62,2.23,49.31,3.00,18.88,6.15,"?28,424.14",5.01,Private Job,69.53,Pass,2024-02-18
STU-01033,22,Other,Business Administration,2,Hostel,Graduate,Yes,No,5.86,7.67,2.03,85.85,2.00,50.00,7.39,,1.00,Private Job,100,Pass,2024-11-09
STU-00950,19,Male,Business Administration,1,With Family,School,Yes,Yes,3.97,6.99,3.60,57.83,2.00,30.92,5.72,"?1,10,042.70",5.55,Entrepreneurship,76.52,Pass,2024-01-30
STU-00105,23,Male,Arts,1,Hostel,Graduate,Yes,Yes,1.10,5.80,0.39,98.09,2.00,48.22,6.75,"?82,908.58",5.11,,93.86,Pass,2024-03-02
STU-00267,17,Male,Civil,4,Rented Accommodation,School,Yes,No,7.09,7.99,0.25,,3.00,50.00,8.73,"?43,884.61",5.17,Private Job,100,Pass,2026-02-06
STU-00685,20,Male,Computer Science,2,Hostel,School,No,No,1.50,7.81,3.66,48.79,0.00,39.53,7.40,"?11,639.61",1.00,Private Job,91.62,Pass,2023-04-15
STU-00746,21,Other,Science,3,With Family,,Yes,No,6.05,5.36,0.65,81.21,3.00,50.00,,"?24,486.59",5.70,Government Job,100,Pass,2024-10-10
STU-00142,18,Male,Business Administration,4,Rented Accommodation,Postgraduate,Yes,No,9.25,6.58,0.34,75.16,0.00,50.00,7.51,"?2,71,858.21",1.00,Entrepreneurship,100,Pass,2025-09-15
STU-00233,24,Male,Business Administration,2,With Family,School,Yes,No,3.73,6.94,2.57,92.73,4.00,50.00,8.59,"?89,816.09",7.45,Entrepreneurship,98.68,Pass,2024-04-15
STU-00522,20,Male,Arts,2,Rented Accommodation,No Formal Education,Yes,No,6.97,8.51,3.60,74.73,2.00,50.00,7.48,"?1,71,847.58",5.19,Undecided,100,Pass,2025-03-01
STU-00900,,Female,,1,With Family,Postgraduate,Yes,No,8.17,7.09,5.28,71.85,0.00,43.89,6.10,"?38,317.55",4.62,Higher Studies,100,Pass,2023-11-06
STU-00916,20,Female,Arts,4,Hostel,School,Yes,Yes,6.29,4.25,2.23,75.99,3.00,50.00,6.60,"?99,003.41",4.27,Private Job,100,Pass,2023-01-30
STU-01022,20,Male,Computer Science,2,Rented Accommodation,Postgraduate,Yes,No,4.95,6.43,0.03,73.50,2.00,41.97,6.37,,1.00,Higher Studies,100,Pass,2026-05-13
STU-01020,19,Male,Electronics,3,Rented Accommodation,Graduate,Yes,No,1.75,7.74,1.31,85.51,6.00,39.68,8.20,"?51,905.39",8.16,Higher Studies,88.89,Pass,2023-09-26
STU-00994,21,Male,Civil,4,Hostel,Graduate,Yes,Yes,0.64,6.65,0.43,71.13,2.00,32.30,5.88,,1.77,Private Job,76.3,Pass,2025-07-30
STU-00954,20,Female,Electronics,1,With Family,School,Yes,No,8.76,6.96,3.01,96.06,11.00,,10.00,"?98,669.19",10.00,Higher Studies,100,Pass,2025-08-06
STU-00008,21,Male,Business Administration,2,Rented Accommodation,School,Yes,No,6.93,6.58,1.40,68.18,0.00,50.00,6.98,"?28,771.94",1.00,Private Job,100,Pass,2026-05-04
STU-00882,24,Male,Arts,2,With Family,Postgraduate,Yes,No,4.75,4.97,0.19,95.94,3.00,50.00,8.58,"?18,788.84",3.09,Undecided,100,Pass,2024-06-17
STU-01035,19,Male,Mechanical,2,Hostel,School,No,No,3.05,6.84,0.65,93.03,2.00,42.80,9.34,"?74,593.20",4.98,Undecided,100,Pass,2025-05-01
STU-00790,22,Female,Mechanical,3,Hostel,Graduate,Yes,No,0.90,7.48,0.73,53.85,4.00,,,"?78,453.21",4.10,Higher Studies,76.44,Pass,2025-08-09
STU-00441,,Male,Computer Science,2,Hostel,School,Yes,No,4.85,8.75,2.86,95.22,7.00,42.28,9.78,"?1,67,658.54",9.09,Government Job,100,Pass,2025-09-16
STU-00945,20,Male,Electronics,3,With Family,Graduate,Yes,Yes,2.44,9.01,0.01,82.16,3.00,50.00,6.34,"?81,089.86",2.93,Private Job,92.44,Pass,2023-11-04
STU-00152,20,Male,Computer Science,2,With Family,No Formal Education,Yes,No,3.43,6.78,1.19,90.20,2.00,41.74,8.37,"?56,081.44",2.02,Government Job,100,Pass,2026-06-20
STU-00632,,Other,Computer Science,1,With Family,Graduate,Yes,No,2.73,6.91,0.79,83.58,3.00,36.68,8.69,"?39,404.24",5.73,Higher Studies,98.76,Pass,2023-11-12
STU-00776,22,Male,Computer Science,4,With Family,School,Yes,Yes,1.27,7.41,0.78,84.31,2.00,35.79,6.04,,2.32,Entrepreneurship,92.83,Pass,2023-11-20
STU-00277,20,Male,Science,4,Hostel,Graduate,Yes,No,10.23,4.20,1.92,88.26,1.00,50.00,9.54,,3.91,Government Job,100,Pass,2025-01-07
STU-00513,22,Female,Computer Science,2,With Family,Postgraduate,Yes,No,1.66,7.15,1.13,94.82,0.00,50.00,7.28,"?74,089.06",2.55,,100,Pass,2024-07-07
STU-00911,17,Male,Mechanical,3,Hostel,Graduate,Yes,No,7.40,5.78,0.26,68.25,1.00,42.41,9.02,"?31,081.98",1.19,Government Job,100,Pass,2022-07-31
STU-00083,21,Female,Civil,3,Rented Accommodation,Graduate,No,No,5.07,8.68,0.11,100.00,3.00,50.00,9.28,"?70,802.02",4.03,Private Job,100,Pass,2025-11-06
STU-00538,21,Female,Electronics,1,Hostel,Graduate,Yes,No,1.51,5.52,0.71,93.50,0.00,38.35,7.11,"?43,717.47",1.49,Private Job,100,Pass,2026-05-11
STU-00472,21,Male,Computer Science,2,Hostel,Graduate,Yes,No,2.40,8.89,0.07,81.92,1.00,50.00,6.28,,1.43,Higher Studies,100,Pass,2024-04-11
STU-00175,19,Male,Computer Science,4,Hostel,Postgraduate,Yes,No,1.43,6.12,0.13,59.99,6.00,32.99,7.27,"?73,381.45",5.64,Entrepreneurship,74.09,Pass,2026-03-04
STU-00752,21,Female,,2,Hostel,Graduate,Yes,No,8.53,5.90,1.67,90.62,0.00,50.00,7.70,"?1,06,170.78",2.48,Private Job,100,Pass,2025-02-03
STU-00488,24,Female,Science,3,With Family,Postgraduate,Yes,Yes,3.37,6.48,1.83,100.00,0.00,50.00,9.09,"?21,79,767.00",1.00,Private Job,100,Pass,2024-01-28
STU-00282,21,Male,Electronics,3,With Family,School,Yes,No,,6.88,0.22,,2.00,50.00,7.23,"?1,29,807.92",2.16,Government Job,93.34,Pass,2024-09-22
STU-00162,27,Female,Civil,4,Rented Accommodation,No Formal Education,Yes,Yes,0.59,5.18,1.55,67.04,6.00,23.14,6.28,"?22,19,806.00",6.06,Undecided,73.37,Pass,2024-05-08
STU-00343,21,Female,Science,3,With Family,Graduate,Yes,No,2.02,7.42,0.70,90.69,1.00,50.00,7.97,"?33,637.20",1.00,Undecided,97.81,Pass,2025-11-28
STU-00683,21,Female,Business Administration,3,With Family,,Yes,No,3.29,8.58,1.74,71.84,5.00,35.79,6.96,"?12,481.89",3.37,Private Job,86.35,Pass,2023-10-06
STU-00486,21,Male,Computer Science,1,Rented Accommodation,No Formal Education,Yes,No,4.42,9.26,1.34,66.72,4.00,31.81,8.16,"?1,11,677.64",4.73,Private Job,100,Pass,2025-11-05
STU-00423,23,Female,Civil,3,Hostel,Postgraduate,No,No,2.90,7.61,2.63,,2.00,41.83,7.65,"?1,38,492.52",2.29,Private Job,100,Pass,2023-06-23
STU-00812,20,Male,Computer Science,2,Hostel,School,Yes,No,5.50,6.59,0.24,89.22,4.00,49.19,7.42,"?44,362.68",1.32,Government Job,100,Pass,2025-03-21
STU-00183,23,Male,Computer Science,2,With Family,School,Yes,Yes,4.19,4.68,1.39,74.76,2.00,41.11,8.72,"?46,134.67",3.47,Higher Studies,93.24,Pass,2025-06-22
STU-01019,21,Male,Computer Science,2,Hostel,School,Yes,No,2.52,6.71,0.55,65.85,1.00,49.60,6.95,"?31,112.02",1.00,Private Job,98.78,Pass,2025-10-07
STU-00927,22,Female,Mechanical,1,Hostel,Graduate,No,Yes,1.93,4.85,0.08,84.05,1.00,43.01,7.74,"?35,083.69",6.65,Government Job,100,Pass,2024-10-31
STU-00271,22,Male,Electronics,4,With Family,School,Yes,No,2.14,5.88,2.50,78.67,3.00,48.86,6.46,"?78,110.37",4.01,Higher Studies,93.14,Pass,2023-01-10
STU-01047,19,Female,Civil,4,Hostel,Graduate,Yes,No,6.75,5.95,0.04,93.79,2.00,50.00,9.69,"?1,13,440.00",2.03,Government Job,100,Pass,2025-06-25
STU-00833,20,Male,Arts,4,With Family,Graduate,Yes,No,7.56,7.30,0.27,93.25,0.00,50.00,8.45,"?90,116.23",,Private Job,100,Pass,2024-01-25
STU-00250,21,Female,Business Administration,4,With Family,Graduate,No,No,5.10,6.34,2.95,95.09,1.00,50.00,7.87,"?5,00,000.00",5.38,Private Job,100,Pass,2026-02-18
STU-00807,19,Female,Computer Science,2,With Family,Postgraduate,Yes,Yes,2.63,7.91,0.47,85.69,4.00,49.55,7.68,,,Private Job,100,Pass,2025-05-16
STU-00757,20,Female,Mechanical,3,Rented Accommodation,School,Yes,No,3.44,6.36,1.66,80.64,2.00,50.00,7.61,"?1,82,882.15",5.75,Higher Studies,100,Pass,2026-01-23
STU-00751,21,Male,Science,1,Hostel,Graduate,Yes,No,,7.42,2.76,76.70,2.00,46.97,7.76,"?1,43,262.86",7.33,Private Job,100,Pass,2025-05-07
STU-00259,22,Male,Electronics,1,Hostel,School,Yes,Yes,1.98,6.03,2.24,86.07,8.00,45.94,7.75,"?79,676.51",7.30,Undecided,100,Pass,2024-08-18
STU-00515,22,Female,Computer Science,2,,School,No,No,0.58,4.21,0.53,67.47,5.00,,7.26,"?23,125.50",3.55,Government Job,71.38,Pass,2024-03-20
STU-00232,24,Female,Mechanical,2,Hostel,Postgraduate,Yes,No,4.87,6.70,1.49,100.00,3.00,43.00,8.20,"?1,04,350.19",4.98,Higher Studies,100,Pass,2025-05-01
STU-00204,21,Male,Electronics,3,Rented Accommodation,Graduate,Yes,Yes,3.94,6.01,0.53,62.36,1.00,38.55,7.75,"?1,12,518.60",6.06,Higher Studies,69.69,Pass,2023-10-31
STU-00350,23,Male,Civil,2,With Family,Graduate,No,No,7.66,5.85,2.10,94.67,0.00,50.00,7.23,"?34,663.92",2.29,Government Job,100,Pass,2024-10-19
STU-01130,22,Female,Civil,3,Rented Accommodation,School,Yes,No,4.79,6.59,3.66,91.79,3.00,49.51,7.77,"?86,369.01",6.78,Private Job,98.5,Pass,2024-05-25
STU-00424,19,Female,Electronics,3,With Family,School,Yes,No,8.19,6.53,0.55,88.81,0.00,49.74,8.34,"?53,139.01",2.49,Government Job,100,Pass,2023-04-08
STU-00903,20,Male,Civil,2,Hostel,Graduate,Yes,No,4.67,5.95,1.72,88.13,0.00,45.43,8.09,"?1,11,603.49",4.82,Private Job,100,Pass,2025-01-03
STU-00221,17,Male,Electronics,4,Hostel,School,Yes,No,7.00,7.72,0.71,100.00,0.00,50.00,10.00,"?53,656.08",1.00,Higher Studies,100,Pass,2025-09-21
STU-01106,20,Female,Science,4,Rented Accommodation,Graduate,Yes,No,1.72,7.58,1.50,62.91,2.00,36.64,6.34,"?1,87,386.71",1.00,Private Job,80.05,Pass,2024-06-01
STU-00692,17,Male,Business Administration,3,With Family,School,Yes,No,1.84,6.94,0.93,71.51,7.00,26.77,5.52,"?1,24,172.04",5.35,Undecided,59.01,Pass,2025-12-29
STU-00046,22,Female,Mechanical,4,With Family,School,Yes,No,1.05,7.86,,50.18,0.00,38.55,5.81,"?48,781.85",2.30,,68.45,Pass,2025-06-06
STU-00991,19,Male,Electronics,4,With Family,School,Yes,No,1.90,5.44,0.04,92.20,3.00,41.65,6.96,"?50,931.92",6.01,Government Job,100,Pass,2023-06-25
STU-00829,17,Female,Civil,4,Hostel,Postgraduate,Yes,No,5.33,7.55,0.82,89.53,3.00,50.00,8.43,"?28,735.35",4.15,Higher Studies,100,Pass,2023-11-24
STU-00835,,Male,Computer Science,3,Rented Accommodation,School,Yes,No,4.77,5.93,2.39,76.46,0.00,39.67,7.43,"?30,891.83",4.10,Private Job,100,Pass,2025-03-29
STU-00239,,Female,Computer Science,2,Rented Accommodation,School,Yes,No,4.84,8.09,0.01,86.23,2.00,37.75,7.41,,4.69,Government Job,96.45,Pass,2026-01-15
STU-00070,21,Female,,2,With Family,Graduate,,No,0.85,6.15,2.48,89.96,1.00,30.32,7.47,"?1,00,443.36",1.47,Government Job,97.14,Pass,2025-04-15
STU-01063,22,Female,Science,1,With Family,Graduate,Yes,No,5.52,7.41,3.55,58.60,2.00,43.83,5.84,"?43,443.76",4.54,Higher Studies,88.62,Pass,2022-09-03
STU-00067,19,Female,Electronics,1,With Family,Graduate,Yes,No,1.36,5.57,9.87,69.58,1.00,41.49,6.72,"?1,02,178.06",7.63,Government Job,73.19,Pass,2023-03-19
STU-00922,23,Female,Civil,1,With Family,Postgraduate,Yes,No,3.62,7.13,4.71,,1.00,36.06,7.51,"?58,490.09",3.07,Private Job,98.5,Pass,2026-05-07
STU-00464,17,Male,Arts,4,With Family,Graduate,,No,5.64,9.49,0.51,93.16,1.00,48.70,9.79,,2.74,Private Job,100,Pass,2024-02-16
STU-00784,23,Female,,3,Hostel,Graduate,Yes,No,1.93,6.23,0.21,68.70,4.00,35.45,6.90,"?32,626.93",2.35,Higher Studies,75.95,Pass,2025-04-29
STU-00641,21,Female,,3,With Family,School,Yes,No,2.82,5.93,1.55,85.56,0.00,49.65,7.30,"?1,98,212.09",2.36,Entrepreneurship,88.92,Pass,2024-07-11
STU-00672,17,Male,Arts,2,With Family,Postgraduate,Yes,No,2.76,8.04,4.51,77.93,1.00,44.43,6.19,"?69,506.04",3.97,Private Job,91.99,Pass,2023-02-08
STU-00984,20,Female,Electronics,4,Hostel,Graduate,Yes,Yes,4.38,6.35,0.10,76.09,1.00,32.80,7.02,"?99,081.04",2.47,Government Job,100,Pass,2022-10-09
STU-00739,23,Female,Mechanical,2,Hostel,School,Yes,No,4.11,4.61,0.00,88.82,5.00,48.61,7.71,"?49,522.94",4.41,Higher Studies,100,Pass,2025-06-02
STU-00680,25,Male,Arts,4,Hostel,Graduate,No,No,5.38,7.29,1.17,89.01,8.00,40.77,8.47,"?37,324.91",7.59,Undecided,97.5,Pass,2025-07-23
STU-00604,17,Female,Science,4,With Family,School,Yes,No,5.89,9.22,1.95,100.00,7.00,50.00,8.62,"?22,205.16",5.48,Private Job,100,Pass,2026-04-24
STU-01025,24,Female,Business Administration,2,With Family,School,,No,0.73,5.40,0.80,73.21,0.00,44.75,6.69,"?1,49,979.75",1.00,Entrepreneurship,88.92,Pass,2026-04-24
STU-01111,20,Male,Computer Science,4,Hostel,Graduate,Yes,Yes,2.34,9.45,2.45,84.26,1.00,40.57,7.53,"?34,813.29",3.20,Private Job,86.52,Pass,2026-06-18
STU-01124,22,Female,Civil,3,,School,Yes,No,,6.80,3.03,84.67,4.00,42.44,6.16,"?22,532.73",7.51,Entrepreneurship,100,Pass,2022-12-11
STU-00218,19,Male,Civil,3,Hostel,Graduate,Yes,No,1.61,6.57,0.52,89.12,3.00,47.21,8.58,"?1,05,510.50",4.05,Government Job,100,Pass,2023-09-15
STU-00968,18,Female,Business Administration,3,Hostel,School,Yes,No,4.52,6.02,0.93,93.28,2.00,50.00,8.23,"?78,956.92",3.85,Private Job,100,Pass,2024-06-11
STU-00671,23,,Mechanical,1,Rented Accommodation,Graduate,Yes,No,3.37,5.21,9.37,77.65,2.00,50.00,5.38,"?99,583.33",10.00,Government Job,85.09,Pass,2023-10-27
STU-00274,21,Female,Science,1,Hostel,School,,Yes,1.30,6.75,3.82,34.96,2.00,30.06,5.12,,7.31,Higher Studies,50.74,Pass,2024-11-02
STU-00728,20,Male,Electronics,4,Rented Accommodation,Graduate,Yes,Yes,4.56,5.51,5.83,78.99,3.00,35.94,7.94,"?54,118.20",5.41,Government Job,93.7,Pass,2023-04-05
STU-00763,19,Other,Arts,4,Hostel,School,Yes,No,1.62,7.49,4.63,89.41,2.00,47.41,7.35,"?62,673.76",5.12,Higher Studies,87.51,Pass,2026-03-25
STU-00890,23,Male,Computer Science,2,Rented Accommodation,Graduate,No,Yes,2.32,6.58,2.09,76.88,5.00,36.11,7.19,"?43,254.43",6.76,Private Job,79.11,Pass,2022-07-26
STU-00002,21,Female,Computer Science,1,Hostel,Postgraduate,Yes,No,,7.09,3.37,76.01,3.00,44.37,8.49,"?34,499.44",3.76,Government Job,100,Pass,2025-07-10
STU-00606,21,Female,Civil,2,Rented Accommodation,School,No,Yes,6.31,5.80,4.03,79.52,1.00,46.34,8.42,"?27,234.44",3.98,Higher Studies,100,Pass,2025-07-25
STU-00171,21,Male,Civil,4,Hostel,School,Yes,Yes,4.69,6.67,19.83,79.34,1.00,43.15,5.01,"?29,293.69",10.00,Private Job,63.48,Pass,2024-02-09
STU-00830,21,Male,Electronics,2,With Family,School,Yes,No,2.19,6.57,,89.09,2.00,50.00,7.31,"?52,702.42",4.78,Government Job,100,Pass,2024-03-13
STU-01034,21,,Computer Science,2,With Family,School,Yes,No,6.37,7.28,2.86,86.70,2.00,50.00,7.31,"?86,008.61",2.53,Private Job,100,Pass,2025-07-28
STU-01007,20,Male,Computer Science,3,Hostel,School,Yes,No,1.77,8.60,4.23,77.49,3.00,25.27,5.63,"?30,776.96",5.48,Undecided,68.59,Pass,2025-05-26
STU-00676,17,Male,Science,3,Hostel,Postgraduate,Yes,No,1.83,8.53,2.43,58.76,0.00,41.21,6.76,"?99,048.78",3.08,Higher Studies,81.8,Pass,2024-10-19
STU-00996,22,Male,Science,1,Rented Accommodation,Graduate,Yes,No,1.17,7.42,0.31,69.24,1.00,33.26,,"?57,653.00",2.91,Government Job,87.05,Pass,2025-05-05
STU-00410,18,Male,Business Administration,2,With Family,Graduate,Yes,No,1.51,5.77,0.96,50.86,1.00,22.66,6.29,"?52,898.67",5.90,Higher Studies,71.33,Pass,2023-05-03
STU-00742,21,Other,Electronics,1,With Family,School,No,No,2.42,7.51,1.77,59.48,1.00,40.74,7.02,"?55,300.69",2.55,Government Job,80.68,Pass,2025-11-17
STU-00240,25,Female,Electronics,1,Hostel,,Yes,Yes,6.63,7.41,,86.90,0.00,50.00,10.00,"?36,184.33",1.00,Undecided,100,Pass,2022-12-31
STU-01032,22,Female,Arts,1,Hostel,School,Yes,No,2.79,7.37,2.78,3.00,4.00,49.43,7.79,"?28,382.63",5.41,Entrepreneurship,95.51,Pass,2022-09-29
STU-00321,19,Male,Civil,2,Rented Accommodation,School,Yes,No,8.38,5.55,0.85,,0.00,50.00,8.99,"?62,070.39",3.06,Undecided,100,Pass,2025-10-31
STU-01009,23,Female,Business Administration,1,Hostel,Graduate,Yes,No,3.14,5.63,1.02,74.63,1.00,48.16,8.06,"?1,86,474.46",2.06,Private Job,94.77,Pass,2022-07-23
STU-00312,22,Male,Science,1,Rented Accommodation,Postgraduate,Yes,Yes,4.93,8.65,,68.90,1.00,49.43,6.67,"?69,524.81",1.00,Private Job,100,Pass,2022-10-11
STU-00840,21,Female,Computer Science,4,With Family,Graduate,Yes,Yes,6.39,6.43,0.37,83.21,2.00,50.00,8.12,"?1,40,527.26",2.41,Government Job,100,Pass,2023-10-13
STU-00337,22,Male,Business Administration,2,With Family,School,Yes,No,4.51,6.57,3.46,92.20,3.00,50.00,8.78,"?26,207.35",5.74,Private Job,100,Pass,2022-12-23
STU-00064,17,Female,Computer Science,2,Hostel,Graduate,Yes,Yes,1.87,9.10,8.71,61.40,3.00,50.00,6.03,"?45,158.40",7.43,Government Job,66.88,Pass,2026-04-13
STU-00252,20,Female,Computer Science,3,Rented Accommodation,Graduate,Yes,No,3.30,7.02,0.02,93.58,6.00,42.09,8.56,"?88,650.83",4.81,Private Job,100,Pass,2024-09-26
STU-01107,21,Male,Electronics,1,With Family,No Formal Education,Yes,No,,5.40,0.40,72.60,7.00,33.76,7.23,"?36,836.74",6.53,Undecided,100,Pass,2024-08-29
STU-00149,20,Female,Science,2,With Family,Graduate,Yes,No,3.84,6.10,4.63,72.29,7.00,38.59,7.91,"?47,187.87",5.03,Higher Studies,98.16,Pass,2025-08-13
STU-01057,21,Male,Civil,3,With Family,School,Yes,No,5.56,7.50,1.79,98.68,1.00,47.29,10.00,"?57,705.12",,Government Job,100,Pass,2025-09-24
STU-01163,19,Female,Mechanical,1,With Family,Postgraduate,Yes,No,1.93,7.23,2.14,83.78,1.00,37.39,6.35,"?33,989.79",4.71,Private Job,86.35,Pass,2025-02-19
STU-00642,21,Male,Computer Science,1,With Family,School,Yes,No,2.59,6.78,4.23,64.12,5.00,42.51,7.17,"?30,383.59",6.93,Private Job,91.39,Pass,2022-10-14
STU-00430,27,Male,Computer Science,4,Hostel,No Formal Education,Yes,No,1.81,7.39,0.31,75.55,1.00,50.00,7.64,"?82,571.35",1.39,Private Job,100,Pass,2025-10-16
STU-00946,20,Male,Computer Science,2,With Family,Postgraduate,No,No,4.65,6.14,0.88,66.58,3.00,43.45,8.58,"?45,142.96",3.38,Undecided,91.85,Pass,2023-03-30
STU-00120,21,Female,Business Administration,1,With Family,Postgraduate,Yes,No,3.68,6.14,0.05,91.71,4.00,50.00,,"?63,199.55",5.01,Higher Studies,100,Pass,2025-07-21
STU-00283,21,Male,Electronics,3,Rented Accommodation,School,Yes,No,1.36,6.86,0.97,74.75,3.00,28.04,6.39,"?27,718.29",2.44,Undecided,83.91,Pass,2025-01-14
STU-00898,21,Female,Mechanical,3,Rented Accommodation,Postgraduate,Yes,No,2.90,6.48,1.06,74.27,4.00,,6.83,"?49,834.86",2.07,Higher Studies,100,Pass,2022-09-13
STU-00258,25,Male,Electronics,4,Rented Accommodation,Graduate,Yes,No,5.28,4.90,4.42,70.47,3.00,43.46,7.02,"?64,415.21",7.55,Government Job,100,Pass,2026-05-29
STU-00468,17,Female,Computer Science,3,Rented Accommodation,School,Yes,No,,7.17,1.82,90.30,4.00,50.00,8.90,"?51,141.47",4.19,Higher Studies,100,Pass,2025-04-09
STU-00565,26,Female,Mechanical,4,Hostel,School,Yes,No,11.32,6.57,1.17,96.99,0.00,50.00,10.00,"?30,901.88",3.42,Private Job,100,Pass,2024-03-24
STU-00483,21,Female,Computer Science,2,With Family,Postgraduate,Yes,No,,6.40,5.33,70.36,0.00,33.37,6.34,"?43,274.38",6.01,Private Job,80.19,Pass,2024-04-21
STU-00820,17,Female,Arts,2,With Family,Graduate,Yes,No,1.46,7.67,1.67,78.44,1.00,33.50,5.60,"?60,571.55",2.57,Government Job,91.23,Pass,2026-04-24
STU-00017,20,Female,Arts,3,With Family,Postgraduate,Yes,Yes,4.07,6.74,0.92,,5.00,47.25,7.08,"?39,936.62",5.04,Government Job,86.58,Pass,2026-05-10
STU-00323,21,Female,Arts,3,Hostel,No Formal Education,Yes,No,,7.84,1.90,81.07,0.00,38.56,7.76,"?34,397.56",4.79,Private Job,100,Pass,2023-09-09
STU-00003,17,Female,Business Administration,1,Rented Accommodation,Postgraduate,Yes,No,5.24,5.95,2.68,67.28,2.00,29.84,7.91,"?97,578.35",4.37,Entrepreneurship,95.73,Pass,2023-01-26
STU-01173,23,Female,Science,3,With Family,Graduate,Yes,No,1.26,5.30,3.29,80.10,1.00,37.67,5.16,"?1,02,494.98",1.43,Higher Studies,96.01,Pass,2025-12-28
STU-01012,18,Female,Business Administration,4,Hostel,School,Yes,Yes,7.20,7.37,0.86,100.00,1.00,49.78,8.41,"?38,833.08",3.98,Undecided,100,Pass,2023-05-12
STU-00412,20,Male,Civil,2,With Family,School,Yes,No,3.78,6.12,0.97,87.07,4.00,36.73,7.51,"?10,486.80",3.14,Government Job,87.39,Pass,2025-09-18
STU-00727,20,Female,Mechanical,1,Rented Accommodation,Graduate,Yes,No,0.80,8.37,0.55,91.79,9.00,47.28,9.32,"?88,589.43",7.39,Private Job,100,Pass,2022-07-28
STU-00811,23,Female,Electronics,3,With Family,Graduate,Yes,Yes,0.71,4.84,0.17,65.33,9.00,19.63,6.26,"?24,579.39",9.39,Private Job,64.78,Pass,2022-10-08
STU-01183,18,Male,Business Administration,1,Hostel,Postgraduate,Yes,Yes,1.42,7.05,0.65,97.97,0.00,41.02,7.85,"?1,44,115.25",1.78,Higher Studies,92.87,Pass,2024-02-01
STU-00141,24,Male,Electronics,1,With Family,School,Yes,No,4.64,7.20,,81.61,1.00,50.00,,"?60,014.33",3.06,Private Job,100,Pass,2026-06-23
STU-00278,23,Male,Science,1,With Family,Graduate,Yes,No,1.70,6.43,3.94,89.83,3.00,47.54,7.90,"?1,12,457.47",4.04,Government Job,100,Pass,2024-08-02
STU-00848,21,Female,Business Administration,1,With Family,Graduate,Yes,Yes,3.77,4.92,0.24,0.00,1.00,50.00,8.91,"?1,31,846.41",4.77,Entrepreneurship,100,Pass,2023-11-07
STU-01006,21,Female,Computer Science,3,Hostel,Postgraduate,Yes,No,1.73,7.04,3.07,84.84,2.00,35.82,7.54,"?56,528.57",3.68,Private Job,94.12,Pass,2022-10-25
STU-00181,23,Male,Business Administration,2,,Graduate,Yes,No,1.97,5.74,0.93,86.69,6.00,32.00,7.19,"?43,899.18",6.43,Higher Studies,80.05,Pass,2022-12-20
STU-00037,19,Female,Business Administration,1,Hostel,Postgraduate,Yes,No,3.54,6.52,2.31,75.78,0.00,41.69,6.67,"?45,772.99",,Private Job,91.86,Pass,2025-01-19
STU-00158,17,Male,Civil,1,With Family,Graduate,Yes,No,,8.49,2.97,84.45,2.00,,8.72,"?1,81,315.40",4.15,Private Job,100,Pass,2025-11-07
STU-00417,22,Male,Mechanical,2,With Family,Graduate,Yes,No,3.99,6.21,2.08,57.69,1.00,41.58,8.07,"?1,49,970.82",2.61,Government Job,90.42,Pass,2024-01-19
STU-01027,21,Male,Computer Science,1,Hostel,School,Yes,Yes,3.75,7.31,2.19,66.58,0.00,50.00,5.98,"?1,29,982.50",2.45,Private Job,81.7,Pass,2024-03-26
STU-00044,24,Female,Electronics,3,With Family,Graduate,Yes,Yes,4.22,8.07,1.14,90.55,1.00,43.20,7.84,"?10,961.77",3.56,Entrepreneurship,100,Pass,2023-12-07
STU-01135,20,Female,Science,1,With Family,Graduate,No,No,1.59,7.39,1.59,65.83,3.00,36.92,5.51,"?38,192.41",3.60,Higher Studies,75.98,Pass,2025-01-09
STU-00248,18,Male,Science,2,Hostel,Graduate,Yes,No,4.41,5.38,1.73,80.65,2.00,50.00,8.24,"?82,608.64",3.46,Private Job,81.87,Pass,2023-05-24
STU-00527,18,Female,Science,2,Rented Accommodation,School,Yes,No,1.22,5.27,0.62,82.05,4.00,33.51,8.16,"?28,060.36",6.08,Higher Studies,100,Pass,2026-03-30
STU-00912,19,Female,Arts,4,Hostel,,Yes,No,2.47,7.18,0.02,86.56,1.00,49.18,7.95,"?28,908.30",,Undecided,100,Pass,2022-09-14
STU-00579,21,Other,Business Administration,4,Rented Accommodation,,No,No,5.99,6.11,0.94,81.91,2.00,43.27,7.69,"?13,792.36",2.51,Undecided,100,Pass,2024-04-27
STU-00963,23,Female,Computer Science,4,Hostel,Graduate,Yes,No,3.82,8.43,2.92,84.89,3.00,46.64,7.83,"?1,04,139.88",4.72,Government Job,100,Pass,2023-05-29
STU-00013,20,Male,Electronics,3,Hostel,Graduate,Yes,No,0.51,8.88,2.95,65.01,1.00,15.78,6.39,"?48,080.47",3.05,Private Job,67.14,Pass,2024-03-03
STU-00359,21,Male,Arts,3,With Family,Postgraduate,Yes,No,9.31,,3.96,84.75,11.00,42.91,8.46,"?2,24,161.08",10.00,Private Job,100,Pass,2023-06-28
STU-00164,19,Female,Electronics,4,Hostel,School,No,No,4.52,4.69,3.62,92.32,0.00,50.00,8.26,"?17,500.95",3.30,Private Job,100,Pass,2023-10-01
STU-00133,22,Female,Electronics,2,Hostel,School,Yes,No,1.54,6.36,3.87,65.90,0.00,30.62,5.89,"?47,460.34",1.54,Private Job,82.09,Pass,2024-10-21
STU-00783,20,Male,Civil,4,With Family,School,Yes,No,5.18,6.55,1.13,65.19,1.00,38.63,7.94,"?1,39,048.69",2.86,Undecided,100,Pass,2024-02-28
STU-00262,17,Male,Science,1,Hostel,School,Yes,No,2.19,7.08,0.76,88.51,4.00,38.93,7.74,"?26,287.22",3.99,Private Job,100,Pass,2023-03-31
STU-00700,21,Female,Civil,3,With Family,Postgraduate,Yes,No,6.00,7.38,20.00,95.77,3.00,50.00,9.89,"?86,177.62",3.68,Private Job,100,Pass,2024-02-19
STU-01122,21,Male,Mechanical,2,Hostel,Graduate,Yes,No,1.67,6.18,0.97,74.58,1.00,47.22,7.45,,2.99,Undecided,89.09,Pass,2024-09-15
STU-00150,21,Female,Civil,2,With Family,,Yes,No,2.88,7.35,0.02,,2.00,50.00,7.32,"?98,798.46",2.34,Undecided,100,Pass,2025-07-19
STU-00364,21,Male,Electronics,4,With Family,School,Yes,No,,6.31,3.80,75.89,1.00,40.54,7.61,"?2,42,332.82",2.54,Government Job,75.7,Pass,2025-10-08
STU-00788,20,Male,Mechanical,2,With Family,Graduate,Yes,No,,5.92,0.13,91.99,0.00,50.00,8.20,"?1,38,049.66",1.00,Private Job,100,Pass,2024-11-29
STU-00558,19,Female,Electronics,1,Rented Accommodation,Graduate,Yes,Yes,4.50,,2.79,83.34,0.00,49.28,7.72,"?50,939.42",2.89,Higher Studies,100,Pass,2024-10-07
STU-00921,17,Female,Electronics,2,Hostel,School,Yes,No,10.05,6.40,2.35,96.37,0.00,50.00,10.00,,3.35,Private Job,100,Pass,2022-07-16
STU-00626,19,Female,Electronics,2,,School,Yes,No,9.19,6.66,2.38,78.32,0.00,49.12,10.00,"?53,389.20",4.79,Entrepreneurship,100,Pass,2023-04-26
STU-00823,22,Male,Electronics,4,With Family,No Formal Education,No,No,2.39,6.49,28.00,76.43,0.00,30.94,7.59,"?22,098.70",3.11,Private Job,85.63,Pass,2023-01-10
STU-00636,19,Male,Science,2,With Family,Graduate,Yes,No,,,1.00,76.61,1.00,37.31,6.66,,1.00,Private Job,100,Pass,2023-04-03
STU-00732,,Female,Mechanical,3,With Family,School,Yes,No,6.08,9.14,0.25,89.80,0.00,50.00,9.54,"?27,835.83",1.00,Higher Studies,100,Pass,2025-08-09
STU-00973,20,Male,Mechanical,2,With Family,School,Yes,No,3.23,9.51,2.71,79.71,1.00,34.77,6.34,"?59,339.11",2.96,Private Job,92.86,Pass,2022-07-22
STU-00584,18,Male,Mechanical,4,Hostel,Graduate,Yes,No,2.76,4.92,,92.93,0.00,40.86,8.42,"?3,09,807.45",4.02,Private Job,100,Pass,2022-09-08
STU-00878,21,Male,Science,3,With Family,School,Yes,No,2.29,7.12,2.73,,1.00,39.34,7.52,"?33,521.76",3.15,Higher Studies,100,Pass,2025-05-22
STU-00391,23,Female,Civil,1,Hostel,Graduate,Yes,No,,5.56,0.45,70.63,2.00,48.53,5.83,"?2,03,608.49",5.05,Private Job,100,Pass,2025-03-11
STU-00426,18,Male,Science,3,With Family,Postgraduate,Yes,No,1.82,5.24,3.67,63.22,0.00,35.69,6.52,"?15,621.20",2.07,Private Job,66.57,Pass,2023-06-20
STU-00125,22,Female,Electronics,1,With Family,Graduate,Yes,No,1.83,7.32,0.27,80.14,12.00,33.90,7.35,"?58,218.07",7.35,Private Job,71.14,Pass,2022-07-11
STU-00964,20,Male,Electronics,1,Rented Accommodation,School,Yes,No,3.09,5.83,0.41,75.76,12.00,30.11,9.08,,9.30,Private Job,75.54,Pass,2025-08-16
STU-00339,19,Male,Business Administration,1,With Family,Postgraduate,Yes,No,2.15,7.34,3.08,,0.00,31.99,6.92,"?57,395.98",3.27,Private Job,81.07,Pass,2024-04-12
